,pred,true_label,fold
0,alpha,alpha,1
1,alpha,alpha,1
2,not applicable,unclassified endocrine,1
3,ductal,ductal,1
4,not applicable,not applicable,1
5,not applicable,not applicable,1
6,delta,delta,1
7,beta,beta,1
8,not applicable,not applicable,1
9,alpha,alpha,1
10,PSC,PSC,1
11,co-expression,co-expression,1
12,ductal,ductal,1
13,beta,beta,1
14,delta,delta,1
15,beta,beta,1
16,gamma,gamma,1
17,beta,beta,1
18,not applicable,not applicable,1
19,not applicable,not applicable,1
20,delta,delta,1
21,beta,beta,1
22,beta,beta,1
23,not applicable,not applicable,1
24,alpha,alpha,1
25,beta,beta,1
26,not applicable,not applicable,1
27,not applicable,not applicable,1
28,delta,delta,1
29,not applicable,not applicable,1
30,alpha,alpha,1
31,not applicable,not applicable,1
32,not applicable,not applicable,1
33,acinar,acinar,1
34,beta,co-expression,1
35,acinar,acinar,1
36,acinar,acinar,1
37,gamma,gamma,1
38,alpha,alpha,1
39,alpha,alpha,1
40,beta,beta,1
41,not applicable,not applicable,1
42,not applicable,not applicable,1
43,beta,beta,1
44,not applicable,not applicable,1
45,not applicable,not applicable,1
46,beta,beta,1
47,alpha,alpha,1
48,not applicable,not applicable,1
49,not applicable,not applicable,1
50,alpha,alpha,1
51,not applicable,unclassified endocrine,1
52,alpha,alpha,1
53,alpha,alpha,1
54,delta,delta,1
55,alpha,alpha,1
56,alpha,alpha,1
57,not applicable,mast,1
58,ductal,ductal,1
59,alpha,alpha,1
60,not applicable,not applicable,1
61,alpha,alpha,1
62,gamma,gamma,1
63,gamma,gamma,1
64,alpha,alpha,1
65,alpha,alpha,1
66,gamma,gamma,1
67,alpha,alpha,1
68,alpha,alpha,1
69,alpha,alpha,1
70,not applicable,not applicable,1
71,alpha,alpha,1
72,ductal,ductal,1
73,alpha,alpha,1
74,not applicable,alpha,1
75,ductal,ductal,1
76,alpha,alpha,1
77,alpha,not applicable,1
78,ductal,ductal,1
79,gamma,gamma,1
80,ductal,ductal,1
81,ductal,ductal,1
82,alpha,alpha,1
83,not applicable,not applicable,1
84,ductal,ductal,1
85,beta,beta,1
86,delta,delta,1
87,not applicable,not applicable,1
88,alpha,alpha,1
89,not applicable,mast,1
90,acinar,acinar,1
91,not applicable,not applicable,1
92,not applicable,not applicable,1
93,not applicable,not applicable,1
94,not applicable,not applicable,1
95,alpha,alpha,1
96,gamma,gamma,1
97,gamma,gamma,1
98,gamma,gamma,1
99,gamma,gamma,1
100,alpha,alpha,1
101,co-expression,co-expression,1
102,not applicable,not applicable,1
103,not applicable,not applicable,1
104,not applicable,not applicable,1
105,not applicable,not applicable,1
106,gamma,gamma,1
107,gamma,gamma,1
108,alpha,alpha,1
109,gamma,gamma,1
110,not applicable,not applicable,1
111,not applicable,not applicable,1
112,beta,beta,1
113,alpha,alpha,1
114,gamma,gamma,1
115,gamma,gamma,1
116,not applicable,not applicable,1
117,alpha,alpha,1
118,not applicable,not applicable,1
119,alpha,alpha,1
120,alpha,alpha,1
121,alpha,alpha,1
122,alpha,alpha,1
123,not applicable,not applicable,1
124,gamma,gamma,1
125,gamma,gamma,1
126,alpha,alpha,1
127,beta,beta,1
128,not applicable,not applicable,1
129,gamma,gamma,1
130,delta,not applicable,1
131,not applicable,not applicable,1
132,alpha,alpha,1
133,not applicable,alpha,1
134,alpha,alpha,1
135,alpha,alpha,1
136,alpha,alpha,1
137,not applicable,not applicable,1
138,not applicable,not applicable,1
139,acinar,acinar,1
140,alpha,alpha,1
141,alpha,alpha,1
142,alpha,alpha,1
143,not applicable,not applicable,1
144,delta,delta,1
145,gamma,gamma,1
146,alpha,alpha,1
147,not applicable,not applicable,1
148,alpha,alpha,1
149,not applicable,not applicable,1
150,not applicable,not applicable,1
151,alpha,alpha,1
152,alpha,alpha,1
153,gamma,gamma,1
154,alpha,alpha,1
155,beta,beta,1
156,not applicable,not applicable,1
157,alpha,alpha,1
158,alpha,alpha,1
159,alpha,alpha,1
160,not applicable,not applicable,1
161,not applicable,not applicable,1
162,alpha,alpha,1
163,alpha,alpha,1
164,alpha,alpha,1
165,not applicable,unclassified endocrine,1
166,alpha,alpha,1
167,gamma,gamma,1
168,alpha,alpha,1
169,alpha,alpha,1
170,not applicable,not applicable,1
171,not applicable,not applicable,1
172,beta,beta,1
173,gamma,gamma,1
174,alpha,alpha,1
175,not applicable,not applicable,1
176,alpha,alpha,1
177,alpha,alpha,1
178,PSC,PSC,1
179,not applicable,not applicable,1
180,delta,delta,1
181,not applicable,not applicable,1
182,not applicable,not applicable,1
183,not applicable,not applicable,1
184,alpha,alpha,1
185,alpha,alpha,1
186,not applicable,not applicable,1
187,alpha,alpha,1
188,gamma,gamma,1
189,co-expression,co-expression,1
190,not applicable,not applicable,1
191,not applicable,not applicable,1
192,alpha,alpha,1
193,delta,delta,1
194,acinar,acinar,1
195,alpha,alpha,1
196,alpha,not applicable,1
197,beta,beta,1
198,alpha,alpha,1
199,beta,beta,1
200,alpha,alpha,1
201,not applicable,not applicable,1
202,gamma,gamma,1
203,not applicable,not applicable,1
204,PSC,PSC,1
205,gamma,gamma,1
206,not applicable,not applicable,1
207,beta,beta,1
208,delta,delta,1
209,beta,beta,1
210,not applicable,not applicable,1
211,not applicable,not applicable,1
212,not applicable,not applicable,1
213,not applicable,not applicable,1
214,PSC,PSC,1
215,alpha,alpha,1
216,not applicable,not applicable,1
217,alpha,alpha,1
218,not applicable,not applicable,1
219,gamma,gamma,1
220,alpha,alpha,1
221,alpha,alpha,1
222,gamma,gamma,1
223,not applicable,not applicable,1
224,alpha,alpha,1
225,not applicable,not applicable,1
226,gamma,gamma,1
227,alpha,alpha,1
228,alpha,alpha,1
229,beta,beta,1
230,not applicable,not applicable,1
231,not applicable,not applicable,1
232,not applicable,not applicable,1
233,not applicable,not applicable,1
234,PSC,PSC,1
235,ductal,ductal,1
236,gamma,gamma,1
237,acinar,acinar,1
238,acinar,acinar,1
239,not applicable,not applicable,1
240,not applicable,not applicable,1
241,ductal,ductal,1
242,not applicable,unclassified endocrine,1
243,beta,beta,1
244,ductal,ductal,1
245,not applicable,not applicable,1
246,not applicable,not applicable,1
247,ductal,ductal,1
248,acinar,not applicable,1
249,delta,delta,1
250,acinar,acinar,1
251,gamma,not applicable,1
252,not applicable,unclassified endocrine,1
253,not applicable,not applicable,1
254,not applicable,not applicable,1
255,alpha,alpha,1
256,gamma,not applicable,1
257,ductal,ductal,1
258,beta,beta,1
259,alpha,alpha,1
260,ductal,ductal,1
261,ductal,ductal,1
262,ductal,ductal,1
263,alpha,alpha,1
264,beta,beta,1
265,acinar,acinar,1
266,alpha,alpha,1
267,acinar,acinar,1
268,gamma,gamma,1
269,acinar,acinar,1
270,not applicable,not applicable,1
271,not applicable,not applicable,1
272,acinar,acinar,1
273,not applicable,not applicable,1
274,not applicable,not applicable,1
275,acinar,acinar,1
276,ductal,ductal,1
277,not applicable,unclassified endocrine,1
278,ductal,ductal,1
279,acinar,acinar,1
280,not applicable,not applicable,1
281,ductal,ductal,1
282,gamma,gamma,1
283,acinar,acinar,1
284,alpha,alpha,1
285,not applicable,not applicable,1
286,not applicable,not applicable,1
287,not applicable,not applicable,1
288,ductal,ductal,1
289,not applicable,not applicable,1
290,gamma,not applicable,1
291,not applicable,not applicable,1
292,not applicable,not applicable,1
293,beta,beta,1
294,not applicable,not applicable,1
295,not applicable,not applicable,1
296,acinar,acinar,1
297,acinar,acinar,1
298,beta,beta,1
299,not applicable,not applicable,1
300,not applicable,not applicable,1
301,ductal,ductal,1
302,not applicable,not applicable,1
303,acinar,acinar,1
304,acinar,acinar,1
305,ductal,ductal,1
306,ductal,ductal,1
307,acinar,acinar,1
308,beta,beta,1
309,not applicable,not applicable,1
310,not applicable,not applicable,1
311,ductal,ductal,1
312,not applicable,not applicable,1
313,not applicable,not applicable,1
314,alpha,not applicable,1
315,alpha,not applicable,1
316,not applicable,not applicable,1
317,not applicable,not applicable,1
318,beta,beta,1
319,alpha,not applicable,1
320,alpha,alpha,1
321,alpha,alpha,1
322,alpha,alpha,1
323,not applicable,not applicable,1
324,not applicable,not applicable,1
325,alpha,not applicable,1
326,not applicable,not applicable,1
327,alpha,alpha,1
328,not applicable,not applicable,1
329,alpha,alpha,1
330,beta,beta,1
331,not applicable,not applicable,1
332,not applicable,not applicable,1
333,not applicable,not applicable,1
334,alpha,alpha,1
335,delta,delta,1
336,beta,beta,1
337,not applicable,not applicable,1
338,alpha,alpha,1
339,alpha,alpha,1
340,alpha,alpha,1
341,alpha,alpha,1
342,alpha,alpha,1
343,gamma,not applicable,1
344,ductal,ductal,1
345,alpha,alpha,1
346,not applicable,not applicable,1
347,not applicable,not applicable,1
348,alpha,not applicable,1
349,alpha,alpha,1
350,alpha,not applicable,1
351,not applicable,not applicable,1
352,alpha,alpha,1
353,alpha,not applicable,1
354,alpha,co-expression,1
355,beta,beta,1
356,not applicable,not applicable,1
357,beta,beta,1
358,alpha,alpha,1
359,alpha,alpha,1
360,alpha,not applicable,1
361,alpha,alpha,1
362,alpha,alpha,1
363,alpha,not applicable,1
364,alpha,alpha,1
365,not applicable,not applicable,1
366,alpha,alpha,1
367,alpha,alpha,1
368,not applicable,not applicable,1
369,ductal,ductal,1
370,PSC,PSC,1
371,alpha,alpha,1
372,not applicable,not applicable,1
373,alpha,not applicable,1
374,alpha,not applicable,1
375,not applicable,not applicable,1
376,acinar,acinar,1
377,alpha,alpha,1
378,not applicable,not applicable,1
379,alpha,alpha,1
380,alpha,alpha,1
381,alpha,alpha,1
382,PSC,not applicable,1
383,alpha,alpha,1
384,not applicable,not applicable,1
385,alpha,not applicable,1
386,not applicable,not applicable,1
387,not applicable,not applicable,1
388,not applicable,not applicable,1
389,beta,beta,1
390,alpha,not applicable,1
391,alpha,alpha,1
392,not applicable,not applicable,1
393,alpha,not applicable,1
394,delta,delta,1
395,alpha,not applicable,1
396,not applicable,not applicable,1
397,beta,beta,1
398,not applicable,not applicable,1
399,alpha,alpha,1
400,alpha,alpha,1
401,not applicable,not applicable,1
402,alpha,alpha,1
403,alpha,alpha,1
404,alpha,alpha,1
405,alpha,alpha,1
406,not applicable,not applicable,1
407,alpha,not applicable,1
408,ductal,ductal,1
409,not applicable,not applicable,1
410,alpha,alpha,1
411,alpha,alpha,1
412,not applicable,not applicable,1
413,alpha,not applicable,1
414,alpha,alpha,1
415,ductal,not applicable,1
416,alpha,alpha,1
417,PSC,PSC,1
418,beta,beta,1
419,ductal,ductal,1
420,not applicable,not applicable,1
421,not applicable,not applicable,1
422,alpha,alpha,1
423,not applicable,not applicable,1
424,alpha,MHC class II,1
425,alpha,alpha,1
426,alpha,alpha,1
427,not applicable,not applicable,1
428,alpha,alpha,1
429,alpha,alpha,1
430,alpha,alpha,1
431,ductal,ductal,1
432,ductal,ductal,1
433,ductal,ductal,1
434,alpha,alpha,1
435,acinar,acinar,1
436,not applicable,unclassified endocrine,1
437,acinar,acinar,1
438,acinar,acinar,1
439,acinar,acinar,1
440,alpha,alpha,1
441,not applicable,unclassified endocrine,1
442,not applicable,not applicable,1
443,beta,co-expression,1
444,alpha,alpha,1
445,alpha,alpha,1
446,not applicable,not applicable,1
447,not applicable,not applicable,1
448,ductal,ductal,1
449,ductal,ductal,1
450,delta,delta,1
451,ductal,ductal,1
452,alpha,alpha,1
453,ductal,ductal,1
454,not applicable,not applicable,1
455,PSC,PSC,1
456,ductal,ductal,1
457,alpha,alpha,1
458,alpha,alpha,1
459,alpha,alpha,1
460,alpha,alpha,1
461,ductal,ductal,1
462,acinar,acinar,1
463,not applicable,not applicable,1
464,alpha,alpha,1
465,ductal,ductal,1
466,alpha,alpha,1
467,delta,beta,1
468,ductal,ductal,1
469,not applicable,not applicable,1
470,acinar,acinar,1
471,acinar,acinar,1
472,ductal,ductal,1
473,acinar,acinar,1
474,alpha,alpha,1
475,not applicable,not applicable,1
476,not applicable,not applicable,1
477,ductal,ductal,1
478,beta,beta,1
479,not applicable,not applicable,1
480,not applicable,not applicable,1
481,not applicable,not applicable,1
482,not applicable,not applicable,1
483,gamma,gamma,1
484,not applicable,not applicable,1
485,not applicable,not applicable,1
486,not applicable,not applicable,1
487,PSC,PSC,1
488,not applicable,not applicable,1
489,not applicable,not applicable,1
490,ductal,not applicable,1
491,not applicable,not applicable,1
492,not applicable,not applicable,1
493,not applicable,not applicable,1
494,not applicable,not applicable,1
495,not applicable,not applicable,1
496,not applicable,not applicable,1
497,not applicable,not applicable,1
498,PSC,not applicable,1
499,not applicable,not applicable,1
500,not applicable,not applicable,1
501,not applicable,not applicable,1
502,not applicable,not applicable,1
503,not applicable,not applicable,1
504,not applicable,not applicable,1
505,not applicable,not applicable,1
506,not applicable,not applicable,1
507,PSC,endothelial,1
508,not applicable,not applicable,1
509,not applicable,not applicable,1
510,not applicable,not applicable,1
511,not applicable,not applicable,1
512,alpha,not applicable,1
513,not applicable,not applicable,1
514,alpha,not applicable,1
515,not applicable,not applicable,1
516,not applicable,not applicable,1
517,not applicable,endothelial,1
518,not applicable,not applicable,1
519,not applicable,not applicable,1
520,alpha,alpha,1
521,alpha,alpha,1
522,not applicable,not applicable,1
523,alpha,alpha,1
524,delta,delta,1
525,not applicable,not applicable,1
526,not applicable,not applicable,1
527,ductal,ductal,1
528,not applicable,not applicable,1
529,ductal,ductal,1
530,alpha,not applicable,1
531,not applicable,not applicable,1
532,not applicable,not applicable,1
533,beta,beta,1
534,not applicable,not applicable,1
535,beta,beta,1
536,delta,delta,1
537,not applicable,not applicable,1
538,alpha,not applicable,1
539,alpha,alpha,1
540,not applicable,not applicable,1
541,not applicable,not applicable,1
542,not applicable,not applicable,1
543,not applicable,not applicable,1
544,not applicable,not applicable,1
545,not applicable,not applicable,1
546,not applicable,not applicable,1
547,beta,beta,1
548,not applicable,not applicable,1
549,not applicable,not applicable,1
550,not applicable,not applicable,1
551,ductal,not applicable,1
552,alpha,not applicable,1
553,delta,not applicable,1
554,delta,delta,1
555,alpha,alpha,1
556,not applicable,co-expression,1
557,not applicable,not applicable,1
558,ductal,ductal,1
559,alpha,alpha,1
560,not applicable,not applicable,1
561,alpha,alpha,1
562,not applicable,not applicable,1
563,beta,co-expression,1
564,ductal,ductal,1
565,not applicable,not applicable,1
566,not applicable,not applicable,1
567,not applicable,not applicable,1
568,not applicable,not applicable,1
569,alpha,not applicable,1
570,ductal,ductal,1
571,not applicable,not applicable,1
572,alpha,alpha,1
573,not applicable,not applicable,1
574,alpha,alpha,1
575,ductal,ductal,1
576,ductal,ductal,1
577,alpha,alpha,1
578,ductal,ductal,1
579,acinar,acinar,1
580,gamma,gamma,1
581,ductal,ductal,1
582,ductal,ductal,1
583,acinar,acinar,1
584,gamma,gamma,1
585,PSC,PSC,1
586,alpha,alpha,1
587,ductal,ductal,1
588,beta,beta,1
589,beta,beta,1
590,acinar,acinar,1
591,PSC,PSC,1
592,ductal,ductal,1
593,alpha,alpha,1
594,alpha,alpha,1
595,not applicable,not applicable,1
596,ductal,ductal,1
597,ductal,ductal,1
598,ductal,ductal,1
599,alpha,alpha,1
600,ductal,ductal,1
601,not applicable,not applicable,1
602,alpha,alpha,1
603,ductal,ductal,1
604,ductal,ductal,1
605,alpha,alpha,1
606,ductal,ductal,1
607,ductal,ductal,1
608,beta,beta,1
609,alpha,alpha,1
610,ductal,ductal,1
611,not applicable,not applicable,1
612,ductal,ductal,1
613,ductal,ductal,1
614,ductal,ductal,1
615,co-expression,beta,1
616,ductal,ductal,1
617,not applicable,not applicable,1
618,not applicable,not applicable,1
619,alpha,alpha,1
620,ductal,ductal,1
621,alpha,alpha,1
622,not applicable,not applicable,1
623,not applicable,ductal,1
624,not applicable,not applicable,1
625,alpha,alpha,1
626,ductal,ductal,1
627,ductal,ductal,1
628,alpha,alpha,1
629,not applicable,not applicable,1
630,alpha,alpha,1
631,not applicable,not applicable,1
632,alpha,alpha,1
633,ductal,ductal,1
634,PSC,endothelial,1
635,ductal,ductal,1
636,alpha,alpha,1
637,ductal,ductal,1
638,alpha,alpha,1
639,delta,delta,1
640,delta,delta,1
641,not applicable,not applicable,1
642,beta,beta,1
643,acinar,acinar,1
644,alpha,alpha,1
645,not applicable,not applicable,1
646,not applicable,not applicable,1
647,not applicable,not applicable,1
648,not applicable,delta,1
649,ductal,ductal,1
650,ductal,ductal,1
651,acinar,acinar,1
652,alpha,alpha,1
653,acinar,acinar,1
654,alpha,alpha,1
655,beta,beta,1
656,alpha,alpha,1
657,not applicable,not applicable,1
658,not applicable,not applicable,1
659,beta,beta,1
660,delta,delta,1
661,alpha,alpha,1
662,not applicable,not applicable,1
663,alpha,alpha,1
664,gamma,gamma,1
665,beta,beta,1
666,not applicable,not applicable,1
667,not applicable,not applicable,1
668,beta,beta,1
669,not applicable,not applicable,1
670,beta,beta,1
671,beta,beta,1
672,gamma,gamma,1
673,gamma,gamma,1
674,alpha,alpha,1
675,not applicable,not applicable,1
676,alpha,alpha,1
677,gamma,gamma,1
678,beta,beta,1
679,alpha,alpha,1
680,not applicable,not applicable,1
681,ductal,ductal,1
682,delta,delta,1
683,delta,delta,1
684,alpha,alpha,1
685,not applicable,not applicable,1
686,beta,beta,1
687,delta,beta,1
688,not applicable,not applicable,1
689,alpha,alpha,1
690,delta,epsilon,1
691,gamma,gamma,1
692,beta,beta,1
693,alpha,alpha,1
694,gamma,gamma,1
695,not applicable,not applicable,1
696,acinar,acinar,1
697,alpha,alpha,1
698,not applicable,not applicable,1
699,alpha,alpha,1
700,alpha,alpha,1
701,not applicable,not applicable,1
702,alpha,alpha,1
703,alpha,gamma,2
704,not applicable,not applicable,2
705,acinar,acinar,2
706,delta,delta,2
707,acinar,acinar,2
708,alpha,alpha,2
709,beta,beta,2
710,alpha,alpha,2
711,gamma,gamma,2
712,beta,beta,2
713,alpha,alpha,2
714,alpha,alpha,2
715,alpha,alpha,2
716,alpha,alpha,2
717,beta,beta,2
718,not applicable,not applicable,2
719,not applicable,unclassified endocrine,2
720,not applicable,not applicable,2
721,beta,beta,2
722,gamma,gamma,2
723,beta,beta,2
724,acinar,acinar,2
725,alpha,alpha,2
726,not applicable,not applicable,2
727,not applicable,unclassified endocrine,2
728,acinar,acinar,2
729,not applicable,unclassified endocrine,2
730,not applicable,not applicable,2
731,beta,beta,2
732,gamma,gamma,2
733,not applicable,not applicable,2
734,not applicable,not applicable,2
735,alpha,alpha,2
736,not applicable,not applicable,2
737,not applicable,not applicable,2
738,not applicable,not applicable,2
739,delta,delta,2
740,beta,beta,2
741,acinar,not applicable,2
742,alpha,alpha,2
743,alpha,alpha,2
744,beta,beta,2
745,beta,beta,2
746,not applicable,not applicable,2
747,alpha,epsilon,2
748,beta,alpha,2
749,alpha,alpha,2
750,delta,delta,2
751,alpha,alpha,2
752,not applicable,not applicable,2
753,beta,beta,2
754,delta,delta,2
755,beta,beta,2
756,alpha,alpha,2
757,not applicable,not applicable,2
758,alpha,alpha,2
759,ductal,ductal,2
760,not applicable,not applicable,2
761,not applicable,not applicable,2
762,not applicable,endothelial,2
763,alpha,alpha,2
764,delta,delta,2
765,not applicable,not applicable,2
766,alpha,alpha,2
767,alpha,alpha,2
768,beta,beta,2
769,alpha,alpha,2
770,alpha,alpha,2
771,alpha,alpha,2
772,alpha,alpha,2
773,acinar,acinar,2
774,not applicable,unclassified endocrine,2
775,alpha,alpha,2
776,not applicable,unclassified endocrine,2
777,alpha,alpha,2
778,alpha,alpha,2
779,beta,beta,2
780,alpha,alpha,2
781,not applicable,not applicable,2
782,alpha,alpha,2
783,alpha,alpha,2
784,not applicable,mast,2
785,not applicable,not applicable,2
786,alpha,alpha,2
787,alpha,alpha,2
788,acinar,acinar,2
789,not applicable,not applicable,2
790,alpha,alpha,2
791,not applicable,not applicable,2
792,alpha,alpha,2
793,delta,delta,2
794,beta,beta,2
795,gamma,gamma,2
796,acinar,acinar,2
797,not applicable,not applicable,2
798,alpha,alpha,2
799,alpha,alpha,2
800,not applicable,not applicable,2
801,gamma,gamma,2
802,not applicable,not applicable,2
803,not applicable,not applicable,2
804,gamma,gamma,2
805,gamma,gamma,2
806,alpha,alpha,2
807,delta,delta,2
808,not applicable,not applicable,2
809,alpha,alpha,2
810,gamma,gamma,2
811,not applicable,not applicable,2
812,not applicable,not applicable,2
813,not applicable,not applicable,2
814,ductal,ductal,2
815,acinar,acinar,2
816,not applicable,not applicable,2
817,gamma,gamma,2
818,alpha,alpha,2
819,alpha,alpha,2
820,not applicable,not applicable,2
821,beta,beta,2
822,not applicable,not applicable,2
823,gamma,gamma,2
824,beta,beta,2
825,alpha,gamma,2
826,gamma,gamma,2
827,gamma,gamma,2
828,gamma,gamma,2
829,alpha,alpha,2
830,not applicable,not applicable,2
831,not applicable,not applicable,2
832,alpha,alpha,2
833,gamma,gamma,2
834,alpha,alpha,2
835,gamma,gamma,2
836,gamma,gamma,2
837,gamma,gamma,2
838,not applicable,not applicable,2
839,not applicable,not applicable,2
840,alpha,alpha,2
841,alpha,alpha,2
842,beta,beta,2
843,not applicable,not applicable,2
844,alpha,alpha,2
845,alpha,alpha,2
846,alpha,alpha,2
847,not applicable,not applicable,2
848,not applicable,not applicable,2
849,not applicable,not applicable,2
850,alpha,alpha,2
851,not applicable,not applicable,2
852,not applicable,not applicable,2
853,alpha,alpha,2
854,alpha,alpha,2
855,not applicable,not applicable,2
856,gamma,gamma,2
857,gamma,gamma,2
858,not applicable,not applicable,2
859,not applicable,not applicable,2
860,not applicable,not applicable,2
861,gamma,gamma,2
862,alpha,alpha,2
863,alpha,alpha,2
864,alpha,alpha,2
865,not applicable,not applicable,2
866,not applicable,not applicable,2
867,not applicable,not applicable,2
868,not applicable,not applicable,2
869,alpha,alpha,2
870,not applicable,not applicable,2
871,alpha,alpha,2
872,delta,delta,2
873,not applicable,not applicable,2
874,alpha,alpha,2
875,ductal,ductal,2
876,alpha,not applicable,2
877,gamma,gamma,2
878,gamma,gamma,2
879,not applicable,not applicable,2
880,not applicable,not applicable,2
881,not applicable,not applicable,2
882,not applicable,not applicable,2
883,not applicable,not applicable,2
884,not applicable,not applicable,2
885,not applicable,not applicable,2
886,not applicable,not applicable,2
887,acinar,acinar,2
888,alpha,alpha,2
889,not applicable,not applicable,2
890,delta,delta,2
891,not applicable,not applicable,2
892,alpha,alpha,2
893,alpha,alpha,2
894,not applicable,not applicable,2
895,not applicable,not applicable,2
896,ductal,ductal,2
897,not applicable,not applicable,2
898,not applicable,not applicable,2
899,PSC,PSC,2
900,gamma,gamma,2
901,not applicable,not applicable,2
902,alpha,alpha,2
903,alpha,alpha,2
904,alpha,alpha,2
905,beta,co-expression,2
906,not applicable,not applicable,2
907,beta,beta,2
908,alpha,alpha,2
909,alpha,alpha,2
910,alpha,alpha,2
911,beta,beta,2
912,not applicable,not applicable,2
913,alpha,alpha,2
914,alpha,alpha,2
915,alpha,alpha,2
916,gamma,gamma,2
917,not applicable,not applicable,2
918,beta,beta,2
919,gamma,gamma,2
920,alpha,alpha,2
921,not applicable,not applicable,2
922,not applicable,not applicable,2
923,ductal,ductal,2
924,not applicable,not applicable,2
925,alpha,endothelial,2
926,alpha,alpha,2
927,alpha,co-expression,2
928,not applicable,not applicable,2
929,alpha,alpha,2
930,ductal,not applicable,2
931,beta,co-expression,2
932,not applicable,not applicable,2
933,not applicable,not applicable,2
934,alpha,alpha,2
935,beta,beta,2
936,not applicable,not applicable,2
937,not applicable,not applicable,2
938,not applicable,not applicable,2
939,ductal,ductal,2
940,not applicable,not applicable,2
941,not applicable,not applicable,2
942,not applicable,not applicable,2
943,gamma,gamma,2
944,not applicable,not applicable,2
945,not applicable,not applicable,2
946,PSC,PSC,2
947,not applicable,not applicable,2
948,not applicable,not applicable,2
949,not applicable,not applicable,2
950,ductal,ductal,2
951,alpha,alpha,2
952,delta,delta,2
953,alpha,alpha,2
954,not applicable,not applicable,2
955,not applicable,not applicable,2
956,alpha,alpha,2
957,not applicable,not applicable,2
958,not applicable,not applicable,2
959,not applicable,not applicable,2
960,not applicable,not applicable,2
961,alpha,alpha,2
962,not applicable,unclassified endocrine,2
963,not applicable,not applicable,2
964,not applicable,not applicable,2
965,not applicable,not applicable,2
966,ductal,ductal,2
967,not applicable,not applicable,2
968,ductal,ductal,2
969,beta,co-expression,2
970,not applicable,not applicable,2
971,acinar,acinar,2
972,not applicable,not applicable,2
973,acinar,acinar,2
974,beta,beta,2
975,not applicable,not applicable,2
976,not applicable,not applicable,2
977,not applicable,not applicable,2
978,alpha,not applicable,2
979,beta,beta,2
980,ductal,ductal,2
981,acinar,acinar,2
982,beta,co-expression,2
983,not applicable,not applicable,2
984,acinar,acinar,2
985,ductal,ductal,2
986,ductal,ductal,2
987,alpha,alpha,2
988,not applicable,not applicable,2
989,ductal,ductal,2
990,not applicable,not applicable,2
991,gamma,gamma,2
992,not applicable,not applicable,2
993,alpha,alpha,2
994,not applicable,not applicable,2
995,not applicable,not applicable,2
996,acinar,acinar,2
997,acinar,acinar,2
998,beta,beta,2
999,ductal,ductal,2
1000,acinar,acinar,2
1001,acinar,acinar,2
1002,ductal,ductal,2
1003,acinar,acinar,2
1004,ductal,ductal,2
1005,not applicable,not applicable,2
1006,not applicable,not applicable,2
1007,acinar,acinar,2
1008,acinar,acinar,2
1009,not applicable,not applicable,2
1010,acinar,acinar,2
1011,ductal,ductal,2
1012,ductal,ductal,2
1013,acinar,acinar,2
1014,not applicable,not applicable,2
1015,acinar,acinar,2
1016,not applicable,not applicable,2
1017,not applicable,not applicable,2
1018,gamma,not applicable,2
1019,ductal,ductal,2
1020,beta,beta,2
1021,acinar,acinar,2
1022,ductal,ductal,2
1023,alpha,alpha,2
1024,not applicable,not applicable,2
1025,not applicable,not applicable,2
1026,alpha,not applicable,2
1027,alpha,alpha,2
1028,alpha,alpha,2
1029,alpha,alpha,2
1030,beta,beta,2
1031,alpha,alpha,2
1032,beta,co-expression,2
1033,PSC,not applicable,2
1034,not applicable,not applicable,2
1035,alpha,alpha,2
1036,alpha,not applicable,2
1037,alpha,alpha,2
1038,alpha,alpha,2
1039,gamma,not applicable,2
1040,alpha,alpha,2
1041,alpha,not applicable,2
1042,beta,beta,2
1043,beta,beta,2
1044,alpha,alpha,2
1045,beta,beta,2
1046,not applicable,not applicable,2
1047,PSC,not applicable,2
1048,PSC,not applicable,2
1049,alpha,alpha,2
1050,alpha,alpha,2
1051,delta,delta,2
1052,alpha,alpha,2
1053,not applicable,not applicable,2
1054,alpha,alpha,2
1055,PSC,PSC,2
1056,alpha,not applicable,2
1057,alpha,alpha,2
1058,alpha,alpha,2
1059,not applicable,not applicable,2
1060,not applicable,not applicable,2
1061,alpha,alpha,2
1062,not applicable,not applicable,2
1063,alpha,alpha,2
1064,not applicable,not applicable,2
1065,beta,beta,2
1066,alpha,alpha,2
1067,alpha,alpha,2
1068,alpha,alpha,2
1069,alpha,alpha,2
1070,alpha,alpha,2
1071,alpha,alpha,2
1072,beta,beta,2
1073,alpha,alpha,2
1074,alpha,not applicable,2
1075,not applicable,not applicable,2
1076,not applicable,not applicable,2
1077,beta,beta,2
1078,alpha,alpha,2
1079,alpha,not applicable,2
1080,beta,beta,2
1081,not applicable,not applicable,2
1082,not applicable,not applicable,2
1083,not applicable,not applicable,2
1084,alpha,not applicable,2
1085,not applicable,not applicable,2
1086,not applicable,not applicable,2
1087,not applicable,not applicable,2
1088,alpha,alpha,2
1089,not applicable,not applicable,2
1090,not applicable,not applicable,2
1091,ductal,ductal,2
1092,ductal,ductal,2
1093,alpha,not applicable,2
1094,beta,beta,2
1095,not applicable,not applicable,2
1096,alpha,alpha,2
1097,not applicable,not applicable,2
1098,beta,not applicable,2
1099,delta,not applicable,2
1100,not applicable,not applicable,2
1101,alpha,not applicable,2
1102,not applicable,not applicable,2
1103,alpha,alpha,2
1104,alpha,alpha,2
1105,acinar,acinar,2
1106,gamma,gamma,2
1107,not applicable,not applicable,2
1108,not applicable,not applicable,2
1109,alpha,alpha,2
1110,PSC,PSC,2
1111,alpha,alpha,2
1112,beta,beta,2
1113,beta,beta,2
1114,alpha,alpha,2
1115,acinar,acinar,2
1116,alpha,alpha,2
1117,ductal,ductal,2
1118,not applicable,not applicable,2
1119,ductal,not applicable,2
1120,alpha,alpha,2
1121,PSC,PSC,2
1122,ductal,ductal,2
1123,alpha,alpha,2
1124,alpha,alpha,2
1125,alpha,alpha,2
1126,ductal,ductal,2
1127,not applicable,not applicable,2
1128,not applicable,unclassified endocrine,2
1129,alpha,alpha,2
1130,not applicable,not applicable,2
1131,beta,beta,2
1132,alpha,alpha,2
1133,gamma,gamma,2
1134,not applicable,not applicable,2
1135,not applicable,not applicable,2
1136,alpha,alpha,2
1137,not applicable,not applicable,2
1138,alpha,not applicable,2
1139,alpha,alpha,2
1140,acinar,acinar,2
1141,alpha,alpha,2
1142,ductal,ductal,2
1143,beta,not applicable,2
1144,not applicable,not applicable,2
1145,alpha,alpha,2
1146,not applicable,endothelial,2
1147,ductal,ductal,2
1148,alpha,not applicable,2
1149,ductal,ductal,2
1150,not applicable,mast,2
1151,acinar,acinar,2
1152,PSC,PSC,2
1153,not applicable,not applicable,2
1154,not applicable,ductal,2
1155,not applicable,not applicable,2
1156,alpha,alpha,2
1157,alpha,alpha,2
1158,alpha,alpha,2
1159,gamma,gamma,2
1160,ductal,ductal,2
1161,alpha,alpha,2
1162,ductal,ductal,2
1163,acinar,not applicable,2
1164,not applicable,not applicable,2
1165,alpha,alpha,2
1166,ductal,ductal,2
1167,alpha,not applicable,2
1168,not applicable,not applicable,2
1169,not applicable,not applicable,2
1170,ductal,ductal,2
1171,not applicable,not applicable,2
1172,not applicable,not applicable,2
1173,alpha,alpha,2
1174,alpha,alpha,2
1175,not applicable,not applicable,2
1176,not applicable,not applicable,2
1177,not applicable,not applicable,2
1178,not applicable,not applicable,2
1179,alpha,alpha,2
1180,not applicable,not applicable,2
1181,not applicable,not applicable,2
1182,alpha,alpha,2
1183,beta,beta,2
1184,ductal,ductal,2
1185,not applicable,not applicable,2
1186,not applicable,not applicable,2
1187,not applicable,not applicable,2
1188,not applicable,not applicable,2
1189,alpha,alpha,2
1190,beta,beta,2
1191,not applicable,not applicable,2
1192,not applicable,not applicable,2
1193,not applicable,not applicable,2
1194,alpha,alpha,2
1195,not applicable,not applicable,2
1196,ductal,ductal,2
1197,not applicable,not applicable,2
1198,not applicable,not applicable,2
1199,not applicable,not applicable,2
1200,not applicable,not applicable,2
1201,not applicable,not applicable,2
1202,not applicable,not applicable,2
1203,not applicable,not applicable,2
1204,not applicable,not applicable,2
1205,not applicable,not applicable,2
1206,not applicable,not applicable,2
1207,not applicable,not applicable,2
1208,alpha,alpha,2
1209,alpha,alpha,2
1210,not applicable,not applicable,2
1211,not applicable,not applicable,2
1212,ductal,ductal,2
1213,not applicable,not applicable,2
1214,alpha,not applicable,2
1215,not applicable,not applicable,2
1216,alpha,alpha,2
1217,alpha,not applicable,2
1218,not applicable,not applicable,2
1219,ductal,ductal,2
1220,alpha,alpha,2
1221,not applicable,not applicable,2
1222,not applicable,ductal,2
1223,not applicable,not applicable,2
1224,not applicable,not applicable,2
1225,ductal,ductal,2
1226,not applicable,alpha,2
1227,not applicable,not applicable,2
1228,not applicable,not applicable,2
1229,not applicable,not applicable,2
1230,not applicable,not applicable,2
1231,not applicable,not applicable,2
1232,not applicable,not applicable,2
1233,not applicable,not applicable,2
1234,delta,delta,2
1235,not applicable,not applicable,2
1236,ductal,ductal,2
1237,not applicable,not applicable,2
1238,alpha,not applicable,2
1239,not applicable,not applicable,2
1240,delta,delta,2
1241,not applicable,not applicable,2
1242,not applicable,not applicable,2
1243,not applicable,not applicable,2
1244,ductal,ductal,2
1245,ductal,ductal,2
1246,not applicable,not applicable,2
1247,not applicable,not applicable,2
1248,not applicable,not applicable,2
1249,alpha,alpha,2
1250,alpha,alpha,2
1251,ductal,ductal,2
1252,not applicable,not applicable,2
1253,alpha,alpha,2
1254,ductal,ductal,2
1255,acinar,acinar,2
1256,alpha,alpha,2
1257,delta,delta,2
1258,not applicable,not applicable,2
1259,beta,beta,2
1260,ductal,ductal,2
1261,alpha,alpha,2
1262,alpha,alpha,2
1263,not applicable,not applicable,2
1264,gamma,gamma,2
1265,not applicable,unclassified endocrine,2
1266,ductal,ductal,2
1267,alpha,alpha,2
1268,alpha,alpha,2
1269,ductal,ductal,2
1270,alpha,alpha,2
1271,gamma,gamma,2
1272,not applicable,not applicable,2
1273,ductal,ductal,2
1274,ductal,ductal,2
1275,ductal,ductal,2
1276,alpha,alpha,2
1277,acinar,acinar,2
1278,not applicable,not applicable,2
1279,ductal,ductal,2
1280,ductal,ductal,2
1281,alpha,alpha,2
1282,not applicable,not applicable,2
1283,delta,delta,2
1284,ductal,ductal,2
1285,acinar,acinar,2
1286,PSC,PSC,2
1287,alpha,alpha,2
1288,alpha,alpha,2
1289,ductal,ductal,2
1290,ductal,ductal,2
1291,ductal,ductal,2
1292,ductal,ductal,2
1293,ductal,ductal,2
1294,alpha,alpha,2
1295,alpha,alpha,2
1296,acinar,acinar,2
1297,acinar,acinar,2
1298,not applicable,not applicable,2
1299,not applicable,not applicable,2
1300,ductal,ductal,2
1301,acinar,acinar,2
1302,alpha,alpha,2
1303,ductal,ductal,2
1304,delta,delta,2
1305,PSC,PSC,2
1306,ductal,ductal,2
1307,not applicable,not applicable,2
1308,not applicable,not applicable,2
1309,not applicable,not applicable,2
1310,not applicable,not applicable,2
1311,alpha,alpha,2
1312,beta,beta,2
1313,ductal,ductal,2
1314,ductal,ductal,2
1315,acinar,acinar,2
1316,ductal,ductal,2
1317,not applicable,not applicable,2
1318,ductal,ductal,2
1319,ductal,ductal,2
1320,PSC,PSC,2
1321,not applicable,not applicable,2
1322,ductal,ductal,2
1323,not applicable,not applicable,2
1324,ductal,ductal,2
1325,alpha,alpha,2
1326,beta,beta,2
1327,alpha,alpha,2
1328,beta,beta,2
1329,alpha,alpha,2
1330,alpha,alpha,2
1331,not applicable,not applicable,2
1332,ductal,ductal,2
1333,not applicable,not applicable,2
1334,ductal,ductal,2
1335,alpha,alpha,2
1336,not applicable,not applicable,2
1337,ductal,ductal,2
1338,not applicable,not applicable,2
1339,acinar,acinar,2
1340,not applicable,not applicable,2
1341,alpha,alpha,2
1342,beta,beta,2
1343,delta,delta,2
1344,gamma,gamma,2
1345,alpha,alpha,2
1346,alpha,alpha,2
1347,not applicable,not applicable,2
1348,beta,beta,2
1349,ductal,ductal,2
1350,alpha,alpha,2
1351,alpha,MHC class II,2
1352,alpha,alpha,2
1353,delta,delta,2
1354,ductal,ductal,2
1355,beta,beta,2
1356,not applicable,not applicable,2
1357,gamma,gamma,2
1358,not applicable,not applicable,2
1359,beta,co-expression,2
1360,alpha,alpha,2
1361,acinar,acinar,2
1362,ductal,ductal,2
1363,alpha,alpha,2
1364,delta,delta,2
1365,beta,beta,2
1366,PSC,PSC,2
1367,ductal,ductal,2
1368,alpha,alpha,2
1369,ductal,ductal,2
1370,alpha,alpha,2
1371,delta,delta,2
1372,alpha,alpha,2
1373,alpha,alpha,2
1374,alpha,alpha,2
1375,gamma,gamma,2
1376,beta,beta,2
1377,alpha,alpha,2
1378,not applicable,not applicable,2
1379,beta,beta,2
1380,not applicable,not applicable,2
1381,alpha,alpha,2
1382,delta,delta,2
1383,beta,co-expression,2
1384,not applicable,not applicable,2
1385,not applicable,not applicable,2
1386,beta,beta,2
1387,delta,delta,2
1388,gamma,gamma,2
1389,alpha,alpha,2
1390,not applicable,not applicable,2
1391,ductal,ductal,2
1392,not applicable,not applicable,2
1393,beta,beta,2
1394,alpha,alpha,2
1395,delta,delta,2
1396,gamma,gamma,2
1397,gamma,gamma,2
1398,beta,beta,2
1399,not applicable,not applicable,2
1400,not applicable,not applicable,2
1401,alpha,alpha,2
1402,PSC,PSC,2
1403,beta,beta,2
1404,alpha,alpha,2
1405,beta,beta,2
1406,gamma,delta,3
1407,alpha,alpha,3
1408,beta,beta,3
1409,alpha,co-expression,3
1410,alpha,alpha,3
1411,beta,beta,3
1412,alpha,alpha,3
1413,not applicable,not applicable,3
1414,not applicable,not applicable,3
1415,alpha,alpha,3
1416,not applicable,unclassified endocrine,3
1417,alpha,alpha,3
1418,gamma,gamma,3
1419,alpha,co-expression,3
1420,not applicable,not applicable,3
1421,acinar,acinar,3
1422,not applicable,not applicable,3
1423,not applicable,not applicable,3
1424,alpha,alpha,3
1425,not applicable,unclassified endocrine,3
1426,not applicable,not applicable,3
1427,alpha,alpha,3
1428,not applicable,not applicable,3
1429,not applicable,alpha,3
1430,not applicable,unclassified endocrine,3
1431,beta,beta,3
1432,beta,beta,3
1433,not applicable,not applicable,3
1434,not applicable,not applicable,3
1435,beta,beta,3
1436,alpha,alpha,3
1437,not applicable,not applicable,3
1438,not applicable,not applicable,3
1439,delta,delta,3
1440,beta,beta,3
1441,beta,beta,3
1442,acinar,acinar,3
1443,not applicable,not applicable,3
1444,beta,beta,3
1445,alpha,alpha,3
1446,alpha,alpha,3
1447,not applicable,not applicable,3
1448,delta,delta,3
1449,gamma,gamma,3
1450,alpha,alpha,3
1451,alpha,alpha,3
1452,ductal,ductal,3
1453,beta,beta,3
1454,beta,beta,3
1455,beta,beta,3
1456,alpha,alpha,3
1457,beta,beta,3
1458,not applicable,gamma,3
1459,PSC,PSC,3
1460,not applicable,alpha,3
1461,alpha,alpha,3
1462,not applicable,not applicable,3
1463,alpha,alpha,3
1464,beta,beta,3
1465,gamma,gamma,3
1466,beta,beta,3
1467,alpha,alpha,3
1468,ductal,ductal,3
1469,alpha,alpha,3
1470,ductal,ductal,3
1471,not applicable,not applicable,3
1472,not applicable,mast,3
1473,not applicable,unclassified endocrine,3
1474,not applicable,unclassified endocrine,3
1475,alpha,alpha,3
1476,alpha,alpha,3
1477,alpha,alpha,3
1478,alpha,alpha,3
1479,alpha,alpha,3
1480,not applicable,not applicable,3
1481,alpha,alpha,3
1482,beta,beta,3
1483,acinar,acinar,3
1484,alpha,alpha,3
1485,alpha,alpha,3
1486,alpha,alpha,3
1487,beta,beta,3
1488,alpha,alpha,3
1489,not applicable,not applicable,3
1490,alpha,alpha,3
1491,not applicable,not applicable,3
1492,gamma,gamma,3
1493,alpha,alpha,3
1494,not applicable,not applicable,3
1495,alpha,alpha,3
1496,gamma,gamma,3
1497,gamma,gamma,3
1498,not applicable,not applicable,3
1499,endothelial,endothelial,3
1500,alpha,alpha,3
1501,alpha,alpha,3
1502,not applicable,not applicable,3
1503,delta,delta,3
1504,alpha,alpha,3
1505,not applicable,not applicable,3
1506,gamma,gamma,3
1507,alpha,alpha,3
1508,gamma,gamma,3
1509,not applicable,not applicable,3
1510,alpha,alpha,3
1511,alpha,alpha,3
1512,acinar,acinar,3
1513,PSC,PSC,3
1514,gamma,gamma,3
1515,not applicable,not applicable,3
1516,not applicable,not applicable,3
1517,not applicable,not applicable,3
1518,gamma,gamma,3
1519,not applicable,not applicable,3
1520,not applicable,not applicable,3
1521,ductal,ductal,3
1522,not applicable,not applicable,3
1523,alpha,alpha,3
1524,not applicable,not applicable,3
1525,delta,delta,3
1526,endothelial,unclassified,3
1527,alpha,alpha,3
1528,gamma,gamma,3
1529,gamma,gamma,3
1530,not applicable,not applicable,3
1531,gamma,gamma,3
1532,not applicable,not applicable,3
1533,alpha,alpha,3
1534,gamma,gamma,3
1535,alpha,alpha,3
1536,not applicable,not applicable,3
1537,alpha,alpha,3
1538,alpha,alpha,3
1539,not applicable,not applicable,3
1540,gamma,gamma,3
1541,acinar,acinar,3
1542,alpha,alpha,3
1543,alpha,alpha,3
1544,not applicable,not applicable,3
1545,alpha,alpha,3
1546,alpha,alpha,3
1547,alpha,alpha,3
1548,gamma,gamma,3
1549,not applicable,not applicable,3
1550,alpha,alpha,3
1551,not applicable,not applicable,3
1552,alpha,alpha,3
1553,alpha,alpha,3
1554,alpha,alpha,3
1555,not applicable,not applicable,3
1556,alpha,alpha,3
1557,not applicable,not applicable,3
1558,gamma,gamma,3
1559,delta,delta,3
1560,alpha,alpha,3
1561,alpha,alpha,3
1562,beta,beta,3
1563,alpha,alpha,3
1564,not applicable,not applicable,3
1565,not applicable,not applicable,3
1566,gamma,gamma,3
1567,not applicable,not applicable,3
1568,not applicable,not applicable,3
1569,not applicable,not applicable,3
1570,alpha,alpha,3
1571,PSC,PSC,3
1572,delta,delta,3
1573,not applicable,not applicable,3
1574,gamma,gamma,3
1575,not applicable,not applicable,3
1576,endothelial,endothelial,3
1577,not applicable,not applicable,3
1578,not applicable,not applicable,3
1579,not applicable,not applicable,3
1580,not applicable,not applicable,3
1581,beta,co-expression,3
1582,gamma,gamma,3
1583,delta,delta,3
1584,gamma,epsilon,3
1585,not applicable,not applicable,3
1586,gamma,gamma,3
1587,not applicable,not applicable,3
1588,not applicable,not applicable,3
1589,alpha,alpha,3
1590,endothelial,not applicable,3
1591,not applicable,not applicable,3
1592,not applicable,unclassified endocrine,3
1593,beta,beta,3
1594,alpha,alpha,3
1595,beta,beta,3
1596,endothelial,endothelial,3
1597,beta,beta,3
1598,gamma,gamma,3
1599,not applicable,not applicable,3
1600,alpha,alpha,3
1601,not applicable,not applicable,3
1602,not applicable,not applicable,3
1603,not applicable,not applicable,3
1604,beta,beta,3
1605,not applicable,not applicable,3
1606,not applicable,not applicable,3
1607,not applicable,not applicable,3
1608,beta,beta,3
1609,not applicable,not applicable,3
1610,not applicable,endothelial,3
1611,not applicable,not applicable,3
1612,gamma,gamma,3
1613,not applicable,not applicable,3
1614,alpha,alpha,3
1615,not applicable,not applicable,3
1616,not applicable,not applicable,3
1617,not applicable,not applicable,3
1618,not applicable,not applicable,3
1619,not applicable,not applicable,3
1620,PSC,PSC,3
1621,ductal,ductal,3
1622,alpha,alpha,3
1623,alpha,alpha,3
1624,alpha,alpha,3
1625,gamma,gamma,3
1626,not applicable,not applicable,3
1627,not applicable,not applicable,3
1628,alpha,alpha,3
1629,alpha,alpha,3
1630,not applicable,not applicable,3
1631,alpha,alpha,3
1632,gamma,not applicable,3
1633,alpha,alpha,3
1634,not applicable,not applicable,3
1635,ductal,ductal,3
1636,beta,beta,3
1637,not applicable,not applicable,3
1638,not applicable,not applicable,3
1639,not applicable,not applicable,3
1640,not applicable,not applicable,3
1641,alpha,alpha,3
1642,gamma,gamma,3
1643,not applicable,not applicable,3
1644,alpha,alpha,3
1645,not applicable,not applicable,3
1646,PSC,PSC,3
1647,not applicable,not applicable,3
1648,gamma,gamma,3
1649,ductal,ductal,3
1650,beta,beta,3
1651,not applicable,not applicable,3
1652,gamma,gamma,3
1653,beta,beta,3
1654,not applicable,not applicable,3
1655,not applicable,not applicable,3
1656,not applicable,not applicable,3
1657,not applicable,not applicable,3
1658,not applicable,not applicable,3
1659,ductal,ductal,3
1660,ductal,ductal,3
1661,ductal,not applicable,3
1662,not applicable,unclassified endocrine,3
1663,ductal,ductal,3
1664,alpha,alpha,3
1665,beta,beta,3
1666,alpha,alpha,3
1667,acinar,acinar,3
1668,acinar,acinar,3
1669,not applicable,not applicable,3
1670,PSC,PSC,3
1671,not applicable,not applicable,3
1672,not applicable,not applicable,3
1673,acinar,acinar,3
1674,beta,beta,3
1675,alpha,alpha,3
1676,not applicable,not applicable,3
1677,ductal,ductal,3
1678,not applicable,not applicable,3
1679,acinar,acinar,3
1680,not applicable,not applicable,3
1681,ductal,ductal,3
1682,gamma,gamma,3
1683,not applicable,not applicable,3
1684,acinar,acinar,3
1685,not applicable,not applicable,3
1686,not applicable,not applicable,3
1687,not applicable,not applicable,3
1688,acinar,acinar,3
1689,ductal,ductal,3
1690,beta,beta,3
1691,ductal,ductal,3
1692,acinar,acinar,3
1693,acinar,acinar,3
1694,delta,delta,3
1695,not applicable,not applicable,3
1696,not applicable,not applicable,3
1697,gamma,gamma,3
1698,alpha,alpha,3
1699,acinar,acinar,3
1700,acinar,acinar,3
1701,not applicable,gamma,3
1702,ductal,ductal,3
1703,acinar,acinar,3
1704,ductal,ductal,3
1705,beta,beta,3
1706,acinar,acinar,3
1707,ductal,ductal,3
1708,not applicable,not applicable,3
1709,beta,beta,3
1710,not applicable,not applicable,3
1711,acinar,acinar,3
1712,ductal,ductal,3
1713,ductal,ductal,3
1714,acinar,acinar,3
1715,ductal,ductal,3
1716,ductal,ductal,3
1717,alpha,alpha,3
1718,not applicable,not applicable,3
1719,not applicable,not applicable,3
1720,not applicable,gamma,3
1721,not applicable,acinar,3
1722,not applicable,not applicable,3
1723,ductal,ductal,3
1724,acinar,acinar,3
1725,acinar,acinar,3
1726,not applicable,not applicable,3
1727,not applicable,not applicable,3
1728,acinar,acinar,3
1729,not applicable,alpha,3
1730,acinar,not applicable,3
1731,not applicable,not applicable,3
1732,not applicable,not applicable,3
1733,acinar,acinar,3
1734,not applicable,not applicable,3
1735,acinar,acinar,3
1736,not applicable,not applicable,3
1737,acinar,acinar,3
1738,alpha,alpha,3
1739,ductal,ductal,3
1740,not applicable,not applicable,3
1741,acinar,not applicable,3
1742,not applicable,not applicable,3
1743,alpha,alpha,3
1744,not applicable,not applicable,3
1745,ductal,not applicable,3
1746,beta,beta,3
1747,beta,not applicable,3
1748,not applicable,not applicable,3
1749,not applicable,not applicable,3
1750,alpha,alpha,3
1751,not applicable,not applicable,3
1752,alpha,alpha,3
1753,not applicable,not applicable,3
1754,alpha,alpha,3
1755,alpha,alpha,3
1756,not applicable,not applicable,3
1757,alpha,alpha,3
1758,not applicable,not applicable,3
1759,alpha,alpha,3
1760,not applicable,not applicable,3
1761,alpha,alpha,3
1762,alpha,alpha,3
1763,alpha,alpha,3
1764,PSC,PSC,3
1765,alpha,alpha,3
1766,acinar,acinar,3
1767,alpha,alpha,3
1768,not applicable,not applicable,3
1769,not applicable,not applicable,3
1770,alpha,alpha,3
1771,beta,beta,3
1772,alpha,alpha,3
1773,alpha,alpha,3
1774,not applicable,not applicable,3
1775,not applicable,not applicable,3
1776,not applicable,not applicable,3
1777,alpha,alpha,3
1778,not applicable,not applicable,3
1779,alpha,alpha,3
1780,not applicable,alpha,3
1781,alpha,alpha,3
1782,alpha,alpha,3
1783,not applicable,not applicable,3
1784,beta,not applicable,3
1785,alpha,alpha,3
1786,alpha,alpha,3
1787,alpha,alpha,3
1788,alpha,alpha,3
1789,beta,beta,3
1790,alpha,alpha,3
1791,not applicable,not applicable,3
1792,alpha,alpha,3
1793,beta,co-expression,3
1794,not applicable,not applicable,3
1795,not applicable,not applicable,3
1796,not applicable,not applicable,3
1797,alpha,not applicable,3
1798,beta,beta,3
1799,alpha,alpha,3
1800,not applicable,not applicable,3
1801,not applicable,not applicable,3
1802,alpha,alpha,3
1803,alpha,alpha,3
1804,not applicable,not applicable,3
1805,beta,beta,3
1806,alpha,alpha,3
1807,alpha,not applicable,3
1808,alpha,alpha,3
1809,alpha,co-expression,3
1810,alpha,alpha,3
1811,alpha,alpha,3
1812,beta,beta,3
1813,not applicable,alpha,3
1814,beta,beta,3
1815,not applicable,not applicable,3
1816,not applicable,not applicable,3
1817,alpha,alpha,3
1818,beta,not applicable,3
1819,not applicable,not applicable,3
1820,gamma,gamma,3
1821,not applicable,not applicable,3
1822,delta,delta,3
1823,ductal,ductal,3
1824,ductal,not applicable,3
1825,not applicable,not applicable,3
1826,alpha,not applicable,3
1827,alpha,alpha,3
1828,alpha,alpha,3
1829,alpha,alpha,3
1830,acinar,acinar,3
1831,alpha,alpha,3
1832,ductal,ductal,3
1833,alpha,alpha,3
1834,beta,beta,3
1835,alpha,alpha,3
1836,acinar,acinar,3
1837,not applicable,ductal,3
1838,not applicable,not applicable,3
1839,ductal,ductal,3
1840,ductal,ductal,3
1841,alpha,alpha,3
1842,alpha,not applicable,3
1843,ductal,ductal,3
1844,alpha,alpha,3
1845,ductal,ductal,3
1846,alpha,alpha,3
1847,delta,delta,3
1848,alpha,alpha,3
1849,alpha,alpha,3
1850,not applicable,not applicable,3
1851,alpha,alpha,3
1852,not applicable,not applicable,3
1853,ductal,ductal,3
1854,alpha,alpha,3
1855,ductal,ductal,3
1856,ductal,ductal,3
1857,ductal,ductal,3
1858,not applicable,not applicable,3
1859,alpha,alpha,3
1860,alpha,alpha,3
1861,not applicable,not applicable,3
1862,alpha,alpha,3
1863,not applicable,not applicable,3
1864,not applicable,not applicable,3
1865,alpha,alpha,3
1866,alpha,alpha,3
1867,not applicable,not applicable,3
1868,not applicable,not applicable,3
1869,not applicable,not applicable,3
1870,ductal,ductal,3
1871,alpha,alpha,3
1872,acinar,acinar,3
1873,not applicable,not applicable,3
1874,not applicable,not applicable,3
1875,not applicable,not applicable,3
1876,ductal,ductal,3
1877,alpha,alpha,3
1878,not applicable,not applicable,3
1879,not applicable,not applicable,3
1880,not applicable,not applicable,3
1881,not applicable,not applicable,3
1882,not applicable,not applicable,3
1883,not applicable,not applicable,3
1884,not applicable,not applicable,3
1885,alpha,alpha,3
1886,ductal,ductal,3
1887,not applicable,not applicable,3
1888,not applicable,not applicable,3
1889,acinar,acinar,3
1890,ductal,ductal,3
1891,not applicable,not applicable,3
1892,not applicable,not applicable,3
1893,not applicable,not applicable,3
1894,not applicable,not applicable,3
1895,not applicable,not applicable,3
1896,not applicable,not applicable,3
1897,not applicable,not applicable,3
1898,beta,beta,3
1899,not applicable,not applicable,3
1900,alpha,alpha,3
1901,not applicable,not applicable,3
1902,not applicable,not applicable,3
1903,not applicable,not applicable,3
1904,not applicable,delta,3
1905,not applicable,not applicable,3
1906,not applicable,not applicable,3
1907,not applicable,not applicable,3
1908,not applicable,not applicable,3
1909,not applicable,not applicable,3
1910,ductal,not applicable,3
1911,ductal,ductal,3
1912,ductal,not applicable,3
1913,not applicable,not applicable,3
1914,not applicable,not applicable,3
1915,alpha,alpha,3
1916,alpha,alpha,3
1917,alpha,not applicable,3
1918,not applicable,not applicable,3
1919,beta,beta,3
1920,not applicable,not applicable,3
1921,not applicable,not applicable,3
1922,not applicable,not applicable,3
1923,not applicable,not applicable,3
1924,ductal,ductal,3
1925,alpha,alpha,3
1926,alpha,alpha,3
1927,alpha,alpha,3
1928,beta,not applicable,3
1929,not applicable,not applicable,3
1930,not applicable,not applicable,3
1931,not applicable,not applicable,3
1932,alpha,alpha,3
1933,not applicable,not applicable,3
1934,not applicable,not applicable,3
1935,not applicable,not applicable,3
1936,not applicable,not applicable,3
1937,not applicable,not applicable,3
1938,alpha,alpha,3
1939,not applicable,not applicable,3
1940,ductal,not applicable,3
1941,not applicable,not applicable,3
1942,not applicable,not applicable,3
1943,not applicable,not applicable,3
1944,not applicable,not applicable,3
1945,alpha,alpha,3
1946,not applicable,not applicable,3
1947,alpha,alpha,3
1948,beta,beta,3
1949,alpha,not applicable,3
1950,not applicable,not applicable,3
1951,not applicable,not applicable,3
1952,not applicable,not applicable,3
1953,beta,PSC,3
1954,not applicable,not applicable,3
1955,ductal,ductal,3
1956,not applicable,not applicable,3
1957,ductal,ductal,3
1958,gamma,gamma,3
1959,ductal,ductal,3
1960,ductal,ductal,3
1961,alpha,alpha,3
1962,alpha,alpha,3
1963,alpha,alpha,3
1964,gamma,gamma,3
1965,not applicable,not applicable,3
1966,ductal,ductal,3
1967,ductal,ductal,3
1968,not applicable,not applicable,3
1969,acinar,acinar,3
1970,ductal,ductal,3
1971,ductal,ductal,3
1972,ductal,ductal,3
1973,not applicable,not applicable,3
1974,ductal,ductal,3
1975,not applicable,not applicable,3
1976,ductal,ductal,3
1977,not applicable,not applicable,3
1978,acinar,acinar,3
1979,not applicable,not applicable,3
1980,ductal,not applicable,3
1981,not applicable,not applicable,3
1982,not applicable,not applicable,3
1983,not applicable,not applicable,3
1984,alpha,not applicable,3
1985,ductal,ductal,3
1986,PSC,PSC,3
1987,acinar,acinar,3
1988,not applicable,not applicable,3
1989,not applicable,not applicable,3
1990,not applicable,not applicable,3
1991,beta,beta,3
1992,ductal,ductal,3
1993,alpha,alpha,3
1994,not applicable,not applicable,3
1995,not applicable,not applicable,3
1996,ductal,ductal,3
1997,endothelial,MHC class II,3
1998,alpha,alpha,3
1999,ductal,ductal,3
2000,ductal,ductal,3
2001,alpha,alpha,3
2002,not applicable,not applicable,3
2003,acinar,acinar,3
2004,not applicable,not applicable,3
2005,not applicable,not applicable,3
2006,ductal,ductal,3
2007,ductal,ductal,3
2008,not applicable,not applicable,3
2009,not applicable,not applicable,3
2010,ductal,ductal,3
2011,alpha,alpha,3
2012,ductal,ductal,3
2013,not applicable,not applicable,3
2014,ductal,ductal,3
2015,ductal,ductal,3
2016,beta,co-expression,3
2017,acinar,acinar,3
2018,not applicable,not applicable,3
2019,not applicable,unclassified endocrine,3
2020,alpha,alpha,3
2021,alpha,alpha,3
2022,ductal,ductal,3
2023,not applicable,not applicable,3
2024,ductal,ductal,3
2025,delta,delta,3
2026,PSC,PSC,3
2027,alpha,alpha,3
2028,ductal,ductal,3
2029,alpha,alpha,3
2030,gamma,gamma,3
2031,ductal,ductal,3
2032,beta,co-expression,3
2033,alpha,alpha,3
2034,alpha,alpha,3
2035,not applicable,not applicable,3
2036,ductal,ductal,3
2037,ductal,ductal,3
2038,delta,delta,3
2039,not applicable,not applicable,3
2040,beta,beta,3
2041,delta,delta,3
2042,ductal,ductal,3
2043,not applicable,not applicable,3
2044,not applicable,not applicable,3
2045,ductal,ductal,3
2046,not applicable,not applicable,3
2047,delta,delta,3
2048,delta,delta,3
2049,gamma,gamma,3
2050,ductal,ductal,3
2051,not applicable,not applicable,3
2052,acinar,ductal,3
2053,not applicable,alpha,3
2054,beta,beta,3
2055,gamma,gamma,3
2056,not applicable,not applicable,3
2057,alpha,alpha,3
2058,not applicable,not applicable,3
2059,ductal,ductal,3
2060,delta,delta,3
2061,not applicable,not applicable,3
2062,alpha,alpha,3
2063,beta,beta,3
2064,ductal,ductal,3
2065,ductal,ductal,3
2066,delta,delta,3
2067,beta,beta,3
2068,alpha,alpha,3
2069,delta,delta,3
2070,not applicable,not applicable,3
2071,alpha,alpha,3
2072,ductal,ductal,3
2073,alpha,alpha,3
2074,not applicable,not applicable,3
2075,alpha,alpha,3
2076,alpha,alpha,3
2077,beta,beta,3
2078,not applicable,not applicable,3
2079,alpha,alpha,3
2080,gamma,gamma,3
2081,beta,beta,3
2082,not applicable,not applicable,3
2083,beta,beta,3
2084,alpha,alpha,3
2085,not applicable,not applicable,3
2086,alpha,alpha,3
2087,acinar,acinar,3
2088,beta,co-expression,3
2089,alpha,alpha,3
2090,ductal,ductal,3
2091,not applicable,not applicable,3
2092,alpha,alpha,3
2093,alpha,alpha,3
2094,alpha,alpha,3
2095,beta,beta,3
2096,beta,beta,3
2097,ductal,ductal,3
2098,alpha,alpha,3
2099,delta,delta,3
2100,beta,beta,3
2101,delta,delta,3
2102,beta,beta,3
2103,beta,beta,3
2104,alpha,alpha,3
2105,alpha,alpha,3
2106,alpha,alpha,3
2107,alpha,alpha,3
2108,delta,delta,3
2109,delta,delta,4
2110,not applicable,not applicable,4
2111,alpha,alpha,4
2112,alpha,alpha,4
2113,not applicable,not applicable,4
2114,not applicable,not applicable,4
2115,gamma,gamma,4
2116,alpha,alpha,4
2117,alpha,alpha,4
2118,not applicable,not applicable,4
2119,beta,beta,4
2120,not applicable,not applicable,4
2121,acinar,acinar,4
2122,alpha,alpha,4
2123,not applicable,not applicable,4
2124,alpha,alpha,4
2125,alpha,alpha,4
2126,not applicable,endothelial,4
2127,alpha,alpha,4
2128,alpha,alpha,4
2129,not applicable,not applicable,4
2130,delta,delta,4
2131,delta,delta,4
2132,not applicable,not applicable,4
2133,gamma,gamma,4
2134,gamma,gamma,4
2135,alpha,alpha,4
2136,beta,beta,4
2137,alpha,alpha,4
2138,delta,delta,4
2139,acinar,acinar,4
2140,ductal,ductal,4
2141,not applicable,unclassified endocrine,4
2142,not applicable,unclassified endocrine,4
2143,not applicable,not applicable,4
2144,acinar,acinar,4
2145,beta,beta,4
2146,unclassified endocrine,delta,4
2147,ductal,ductal,4
2148,not applicable,not applicable,4
2149,not applicable,unclassified endocrine,4
2150,alpha,alpha,4
2151,alpha,alpha,4
2152,beta,beta,4
2153,not applicable,not applicable,4
2154,not applicable,not applicable,4
2155,gamma,gamma,4
2156,beta,beta,4
2157,not applicable,not applicable,4
2158,not applicable,not applicable,4
2159,not applicable,not applicable,4
2160,gamma,gamma,4
2161,gamma,gamma,4
2162,not applicable,not applicable,4
2163,not applicable,not applicable,4
2164,not applicable,unclassified endocrine,4
2165,not applicable,delta,4
2166,beta,beta,4
2167,alpha,alpha,4
2168,alpha,ductal,4
2169,beta,beta,4
2170,alpha,alpha,4
2171,not applicable,not applicable,4
2172,acinar,acinar,4
2173,ductal,ductal,4
2174,beta,beta,4
2175,alpha,alpha,4
2176,alpha,alpha,4
2177,not applicable,gamma,4
2178,not applicable,unclassified endocrine,4
2179,not applicable,not applicable,4
2180,alpha,alpha,4
2181,alpha,alpha,4
2182,not applicable,ductal,4
2183,alpha,alpha,4
2184,alpha,alpha,4
2185,alpha,alpha,4
2186,alpha,alpha,4
2187,beta,beta,4
2188,not applicable,not applicable,4
2189,alpha,not applicable,4
2190,acinar,acinar,4
2191,gamma,gamma,4
2192,not applicable,not applicable,4
2193,alpha,alpha,4
2194,not applicable,not applicable,4
2195,alpha,alpha,4
2196,alpha,alpha,4
2197,alpha,alpha,4
2198,alpha,alpha,4
2199,delta,delta,4
2200,not applicable,not applicable,4
2201,alpha,alpha,4
2202,gamma,gamma,4
2203,not applicable,not applicable,4
2204,gamma,gamma,4
2205,alpha,alpha,4
2206,alpha,alpha,4
2207,beta,beta,4
2208,alpha,alpha,4
2209,alpha,alpha,4
2210,not applicable,not applicable,4
2211,alpha,alpha,4
2212,not applicable,not applicable,4
2213,alpha,alpha,4
2214,alpha,alpha,4
2215,gamma,gamma,4
2216,alpha,alpha,4
2217,gamma,gamma,4
2218,alpha,alpha,4
2219,beta,beta,4
2220,alpha,alpha,4
2221,not applicable,not applicable,4
2222,alpha,alpha,4
2223,alpha,alpha,4
2224,not applicable,alpha,4
2225,gamma,gamma,4
2226,alpha,alpha,4
2227,gamma,gamma,4
2228,gamma,gamma,4
2229,delta,delta,4
2230,alpha,alpha,4
2231,not applicable,not applicable,4
2232,alpha,alpha,4
2233,not applicable,not applicable,4
2234,not applicable,not applicable,4
2235,alpha,alpha,4
2236,not applicable,not applicable,4
2237,alpha,alpha,4
2238,not applicable,not applicable,4
2239,alpha,alpha,4
2240,alpha,alpha,4
2241,not applicable,not applicable,4
2242,alpha,alpha,4
2243,alpha,alpha,4
2244,alpha,alpha,4
2245,alpha,alpha,4
2246,delta,delta,4
2247,acinar,acinar,4
2248,not applicable,not applicable,4
2249,alpha,alpha,4
2250,not applicable,not applicable,4
2251,not applicable,not applicable,4
2252,acinar,acinar,4
2253,gamma,gamma,4
2254,not applicable,not applicable,4
2255,not applicable,not applicable,4
2256,not applicable,not applicable,4
2257,alpha,alpha,4
2258,alpha,alpha,4
2259,alpha,alpha,4
2260,alpha,epsilon,4
2261,alpha,alpha,4
2262,not applicable,not applicable,4
2263,not applicable,not applicable,4
2264,alpha,alpha,4
2265,gamma,gamma,4
2266,not applicable,not applicable,4
2267,ductal,ductal,4
2268,alpha,alpha,4
2269,alpha,alpha,4
2270,not applicable,not applicable,4
2271,not applicable,not applicable,4
2272,not applicable,not applicable,4
2273,not applicable,not applicable,4
2274,not applicable,not applicable,4
2275,not applicable,not applicable,4
2276,not applicable,not applicable,4
2277,delta,delta,4
2278,alpha,alpha,4
2279,not applicable,not applicable,4
2280,alpha,alpha,4
2281,alpha,alpha,4
2282,beta,beta,4
2283,gamma,gamma,4
2284,delta,delta,4
2285,not applicable,not applicable,4
2286,not applicable,not applicable,4
2287,PSC,unclassified,4
2288,not applicable,not applicable,4
2289,not applicable,unclassified endocrine,4
2290,not applicable,not applicable,4
2291,alpha,alpha,4
2292,alpha,epsilon,4
2293,gamma,gamma,4
2294,alpha,alpha,4
2295,not applicable,not applicable,4
2296,not applicable,not applicable,4
2297,not applicable,not applicable,4
2298,not applicable,not applicable,4
2299,gamma,gamma,4
2300,not applicable,not applicable,4
2301,gamma,gamma,4
2302,alpha,alpha,4
2303,beta,beta,4
2304,alpha,alpha,4
2305,alpha,alpha,4
2306,ductal,ductal,4
2307,not applicable,not applicable,4
2308,endothelial,endothelial,4
2309,not applicable,not applicable,4
2310,gamma,gamma,4
2311,beta,beta,4
2312,not applicable,not applicable,4
2313,alpha,alpha,4
2314,alpha,alpha,4
2315,acinar,acinar,4
2316,alpha,not applicable,4
2317,alpha,alpha,4
2318,not applicable,not applicable,4
2319,not applicable,not applicable,4
2320,not applicable,delta,4
2321,not applicable,not applicable,4
2322,alpha,alpha,4
2323,beta,beta,4
2324,not applicable,not applicable,4
2325,alpha,alpha,4
2326,not applicable,not applicable,4
2327,beta,beta,4
2328,not applicable,not applicable,4
2329,not applicable,not applicable,4
2330,alpha,alpha,4
2331,beta,beta,4
2332,not applicable,alpha,4
2333,not applicable,not applicable,4
2334,beta,beta,4
2335,gamma,gamma,4
2336,alpha,alpha,4
2337,delta,delta,4
2338,not applicable,not applicable,4
2339,alpha,alpha,4
2340,not applicable,not applicable,4
2341,beta,beta,4
2342,ductal,ductal,4
2343,acinar,ductal,4
2344,alpha,gamma,4
2345,alpha,alpha,4
2346,not applicable,not applicable,4
2347,not applicable,not applicable,4
2348,not applicable,not applicable,4
2349,alpha,alpha,4
2350,alpha,alpha,4
2351,not applicable,not applicable,4
2352,not applicable,not applicable,4
2353,PSC,PSC,4
2354,not applicable,not applicable,4
2355,not applicable,not applicable,4
2356,beta,beta,4
2357,beta,beta,4
2358,acinar,acinar,4
2359,acinar,acinar,4
2360,not applicable,not applicable,4
2361,not applicable,not applicable,4
2362,acinar,acinar,4
2363,not applicable,not applicable,4
2364,acinar,acinar,4
2365,not applicable,not applicable,4
2366,beta,beta,4
2367,ductal,ductal,4
2368,not applicable,not applicable,4
2369,ductal,ductal,4
2370,acinar,acinar,4
2371,beta,beta,4
2372,not applicable,not applicable,4
2373,not applicable,not applicable,4
2374,acinar,not applicable,4
2375,acinar,acinar,4
2376,not applicable,not applicable,4
2377,not applicable,not applicable,4
2378,acinar,acinar,4
2379,acinar,acinar,4
2380,beta,beta,4
2381,alpha,alpha,4
2382,alpha,not applicable,4
2383,not applicable,not applicable,4
2384,not applicable,not applicable,4
2385,acinar,not applicable,4
2386,ductal,ductal,4
2387,acinar,acinar,4
2388,alpha,alpha,4
2389,not applicable,not applicable,4
2390,acinar,acinar,4
2391,not applicable,not applicable,4
2392,not applicable,not applicable,4
2393,ductal,ductal,4
2394,acinar,acinar,4
2395,gamma,gamma,4
2396,gamma,gamma,4
2397,ductal,ductal,4
2398,not applicable,not applicable,4
2399,ductal,ductal,4
2400,not applicable,not applicable,4
2401,alpha,alpha,4
2402,ductal,ductal,4
2403,acinar,acinar,4
2404,beta,beta,4
2405,not applicable,not applicable,4
2406,beta,beta,4
2407,not applicable,not applicable,4
2408,not applicable,not applicable,4
2409,not applicable,not applicable,4
2410,acinar,acinar,4
2411,beta,co-expression,4
2412,not applicable,not applicable,4
2413,not applicable,not applicable,4
2414,not applicable,co-expression,4
2415,ductal,ductal,4
2416,acinar,acinar,4
2417,not applicable,not applicable,4
2418,gamma,gamma,4
2419,not applicable,not applicable,4
2420,acinar,acinar,4
2421,beta,beta,4
2422,not applicable,not applicable,4
2423,alpha,alpha,4
2424,acinar,acinar,4
2425,acinar,acinar,4
2426,alpha,alpha,4
2427,not applicable,not applicable,4
2428,beta,co-expression,4
2429,ductal,ductal,4
2430,ductal,ductal,4
2431,not applicable,not applicable,4
2432,not applicable,not applicable,4
2433,alpha,alpha,4
2434,not applicable,not applicable,4
2435,not applicable,co-expression,4
2436,alpha,alpha,4
2437,not applicable,gamma,4
2438,not applicable,not applicable,4
2439,not applicable,not applicable,4
2440,not applicable,not applicable,4
2441,beta,beta,4
2442,not applicable,not applicable,4
2443,not applicable,not applicable,4
2444,not applicable,not applicable,4
2445,not applicable,not applicable,4
2446,not applicable,not applicable,4
2447,alpha,alpha,4
2448,not applicable,endothelial,4
2449,alpha,not applicable,4
2450,alpha,not applicable,4
2451,alpha,not applicable,4
2452,beta,beta,4
2453,not applicable,not applicable,4
2454,alpha,alpha,4
2455,not applicable,not applicable,4
2456,alpha,alpha,4
2457,alpha,alpha,4
2458,alpha,alpha,4
2459,ductal,ductal,4
2460,alpha,alpha,4
2461,not applicable,not applicable,4
2462,alpha,alpha,4
2463,alpha,alpha,4
2464,not applicable,PSC,4
2465,not applicable,not applicable,4
2466,beta,beta,4
2467,not applicable,alpha,4
2468,alpha,alpha,4
2469,gamma,not applicable,4
2470,not applicable,not applicable,4
2471,not applicable,not applicable,4
2472,not applicable,not applicable,4
2473,not applicable,not applicable,4
2474,not applicable,alpha,4
2475,alpha,alpha,4
2476,alpha,alpha,4
2477,not applicable,not applicable,4
2478,not applicable,not applicable,4
2479,not applicable,not applicable,4
2480,alpha,alpha,4
2481,not applicable,not applicable,4
2482,not applicable,not applicable,4
2483,ductal,not applicable,4
2484,alpha,alpha,4
2485,alpha,alpha,4
2486,not applicable,not applicable,4
2487,alpha,alpha,4
2488,beta,beta,4
2489,alpha,alpha,4
2490,not applicable,not applicable,4
2491,alpha,not applicable,4
2492,alpha,not applicable,4
2493,ductal,ductal,4
2494,alpha,alpha,4
2495,delta,delta,4
2496,alpha,not applicable,4
2497,not applicable,not applicable,4
2498,beta,beta,4
2499,ductal,ductal,4
2500,not applicable,not applicable,4
2501,ductal,ductal,4
2502,ductal,ductal,4
2503,ductal,ductal,4
2504,co-expression,co-expression,4
2505,alpha,alpha,4
2506,not applicable,not applicable,4
2507,not applicable,not applicable,4
2508,alpha,alpha,4
2509,ductal,ductal,4
2510,alpha,alpha,4
2511,not applicable,beta,4
2512,alpha,alpha,4
2513,not applicable,not applicable,4
2514,delta,delta,4
2515,alpha,alpha,4
2516,ductal,ductal,4
2517,alpha,alpha,4
2518,not applicable,not applicable,4
2519,acinar,acinar,4
2520,alpha,alpha,4
2521,not applicable,not applicable,4
2522,not applicable,MHC class II,4
2523,alpha,alpha,4
2524,alpha,alpha,4
2525,alpha,alpha,4
2526,ductal,ductal,4
2527,alpha,alpha,4
2528,alpha,alpha,4
2529,ductal,ductal,4
2530,alpha,alpha,4
2531,acinar,acinar,4
2532,gamma,gamma,4
2533,alpha,alpha,4
2534,alpha,alpha,4
2535,PSC,PSC,4
2536,ductal,ductal,4
2537,ductal,ductal,4
2538,alpha,alpha,4
2539,PSC,PSC,4
2540,ductal,ductal,4
2541,alpha,alpha,4
2542,PSC,PSC,4
2543,ductal,ductal,4
2544,not applicable,not applicable,4
2545,beta,beta,4
2546,not applicable,not applicable,4
2547,ductal,ductal,4
2548,ductal,ductal,4
2549,alpha,alpha,4
2550,delta,delta,4
2551,alpha,alpha,4
2552,alpha,alpha,4
2553,alpha,alpha,4
2554,not applicable,not applicable,4
2555,alpha,alpha,4
2556,alpha,alpha,4
2557,alpha,alpha,4
2558,not applicable,not applicable,4
2559,acinar,acinar,4
2560,not applicable,not applicable,4
2561,ductal,not applicable,4
2562,not applicable,not applicable,4
2563,alpha,alpha,4
2564,ductal,ductal,4
2565,ductal,ductal,4
2566,ductal,ductal,4
2567,ductal,ductal,4
2568,not applicable,not applicable,4
2569,not applicable,not applicable,4
2570,not applicable,not applicable,4
2571,not applicable,not applicable,4
2572,not applicable,not applicable,4
2573,not applicable,not applicable,4
2574,acinar,acinar,4
2575,alpha,alpha,4
2576,alpha,alpha,4
2577,not applicable,not applicable,4
2578,not applicable,not applicable,4
2579,ductal,not applicable,4
2580,not applicable,not applicable,4
2581,not applicable,not applicable,4
2582,not applicable,not applicable,4
2583,not applicable,not applicable,4
2584,beta,co-expression,4
2585,not applicable,not applicable,4
2586,not applicable,not applicable,4
2587,not applicable,not applicable,4
2588,not applicable,not applicable,4
2589,not applicable,delta,4
2590,not applicable,not applicable,4
2591,not applicable,alpha,4
2592,not applicable,not applicable,4
2593,not applicable,not applicable,4
2594,not applicable,not applicable,4
2595,not applicable,not applicable,4
2596,alpha,alpha,4
2597,not applicable,not applicable,4
2598,not applicable,not applicable,4
2599,beta,beta,4
2600,ductal,ductal,4
2601,not applicable,not applicable,4
2602,not applicable,not applicable,4
2603,alpha,alpha,4
2604,not applicable,not applicable,4
2605,ductal,not applicable,4
2606,not applicable,not applicable,4
2607,alpha,alpha,4
2608,not applicable,not applicable,4
2609,ductal,ductal,4
2610,not applicable,not applicable,4
2611,not applicable,not applicable,4
2612,not applicable,not applicable,4
2613,not applicable,not applicable,4
2614,not applicable,not applicable,4
2615,not applicable,not applicable,4
2616,alpha,not applicable,4
2617,not applicable,not applicable,4
2618,not applicable,delta,4
2619,not applicable,not applicable,4
2620,not applicable,not applicable,4
2621,not applicable,not applicable,4
2622,not applicable,not applicable,4
2623,not applicable,not applicable,4
2624,not applicable,not applicable,4
2625,not applicable,not applicable,4
2626,not applicable,not applicable,4
2627,alpha,alpha,4
2628,not applicable,not applicable,4
2629,not applicable,not applicable,4
2630,not applicable,not applicable,4
2631,ductal,ductal,4
2632,not applicable,not applicable,4
2633,not applicable,not applicable,4
2634,not applicable,not applicable,4
2635,not applicable,not applicable,4
2636,not applicable,not applicable,4
2637,alpha,alpha,4
2638,not applicable,PSC,4
2639,not applicable,not applicable,4
2640,not applicable,alpha,4
2641,not applicable,not applicable,4
2642,alpha,alpha,4
2643,not applicable,not applicable,4
2644,not applicable,not applicable,4
2645,not applicable,not applicable,4
2646,not applicable,not applicable,4
2647,alpha,not applicable,4
2648,not applicable,not applicable,4
2649,not applicable,not applicable,4
2650,alpha,alpha,4
2651,not applicable,not applicable,4
2652,not applicable,not applicable,4
2653,not applicable,alpha,4
2654,not applicable,not applicable,4
2655,not applicable,not applicable,4
2656,alpha,alpha,4
2657,ductal,ductal,4
2658,not applicable,not applicable,4
2659,not applicable,not applicable,4
2660,alpha,alpha,4
2661,ductal,ductal,4
2662,alpha,alpha,4
2663,acinar,acinar,4
2664,alpha,alpha,4
2665,not applicable,not applicable,4
2666,ductal,ductal,4
2667,not applicable,not applicable,4
2668,ductal,ductal,4
2669,alpha,alpha,4
2670,gamma,gamma,4
2671,ductal,ductal,4
2672,ductal,ductal,4
2673,acinar,acinar,4
2674,not applicable,not applicable,4
2675,PSC,PSC,4
2676,ductal,ductal,4
2677,not applicable,not applicable,4
2678,alpha,alpha,4
2679,alpha,alpha,4
2680,not applicable,not applicable,4
2681,acinar,acinar,4
2682,not applicable,not applicable,4
2683,ductal,ductal,4
2684,ductal,ductal,4
2685,acinar,acinar,4
2686,alpha,alpha,4
2687,alpha,alpha,4
2688,ductal,ductal,4
2689,ductal,ductal,4
2690,ductal,ductal,4
2691,not applicable,not applicable,4
2692,ductal,ductal,4
2693,alpha,alpha,4
2694,not applicable,not applicable,4
2695,not applicable,not applicable,4
2696,not applicable,not applicable,4
2697,not applicable,not applicable,4
2698,ductal,ductal,4
2699,not applicable,not applicable,4
2700,alpha,alpha,4
2701,ductal,ductal,4
2702,not applicable,unclassified endocrine,4
2703,not applicable,not applicable,4
2704,acinar,acinar,4
2705,alpha,alpha,4
2706,PSC,PSC,4
2707,not applicable,not applicable,4
2708,alpha,alpha,4
2709,ductal,ductal,4
2710,alpha,alpha,4
2711,ductal,ductal,4
2712,alpha,alpha,4
2713,acinar,acinar,4
2714,not applicable,not applicable,4
2715,alpha,alpha,4
2716,beta,beta,4
2717,not applicable,unclassified endocrine,4
2718,not applicable,not applicable,4
2719,alpha,alpha,4
2720,PSC,PSC,4
2721,not applicable,unclassified endocrine,4
2722,not applicable,not applicable,4
2723,ductal,ductal,4
2724,ductal,ductal,4
2725,beta,beta,4
2726,ductal,ductal,4
2727,alpha,alpha,4
2728,gamma,gamma,4
2729,ductal,ductal,4
2730,alpha,alpha,4
2731,ductal,ductal,4
2732,ductal,ductal,4
2733,ductal,ductal,4
2734,ductal,ductal,4
2735,beta,beta,4
2736,beta,beta,4
2737,gamma,gamma,4
2738,delta,delta,4
2739,beta,beta,4
2740,delta,delta,4
2741,not applicable,not applicable,4
2742,not applicable,not applicable,4
2743,ductal,ductal,4
2744,delta,delta,4
2745,beta,beta,4
2746,beta,beta,4
2747,not applicable,not applicable,4
2748,gamma,gamma,4
2749,alpha,alpha,4
2750,delta,delta,4
2751,alpha,alpha,4
2752,not applicable,not applicable,4
2753,alpha,alpha,4
2754,not applicable,not applicable,4
2755,alpha,alpha,4
2756,gamma,gamma,4
2757,beta,beta,4
2758,alpha,alpha,4
2759,beta,beta,4
2760,ductal,ductal,4
2761,delta,delta,4
2762,ductal,ductal,4
2763,not applicable,not applicable,4
2764,PSC,PSC,4
2765,not applicable,not applicable,4
2766,ductal,ductal,4
2767,ductal,ductal,4
2768,ductal,ductal,4
2769,not applicable,not applicable,4
2770,beta,beta,4
2771,alpha,alpha,4
2772,alpha,alpha,4
2773,not applicable,not applicable,4
2774,alpha,alpha,4
2775,ductal,ductal,4
2776,beta,beta,4
2777,ductal,ductal,4
2778,acinar,acinar,4
2779,alpha,alpha,4
2780,beta,co-expression,4
2781,alpha,alpha,4
2782,alpha,alpha,4
2783,not applicable,not applicable,4
2784,beta,beta,4
2785,not applicable,not applicable,4
2786,ductal,ductal,4
2787,gamma,gamma,4
2788,alpha,alpha,4
2789,not applicable,not applicable,4
2790,beta,beta,4
2791,gamma,gamma,4
2792,acinar,acinar,4
2793,not applicable,not applicable,4
2794,alpha,alpha,4
2795,gamma,gamma,4
2796,not applicable,not applicable,4
2797,beta,beta,4
2798,ductal,ductal,4
2799,not applicable,not applicable,4
2800,alpha,alpha,4
2801,beta,beta,4
2802,not applicable,not applicable,4
2803,not applicable,mast,4
2804,beta,beta,4
2805,PSC,PSC,4
2806,beta,beta,4
2807,gamma,gamma,4
2808,gamma,gamma,4
2809,not applicable,not applicable,4
2810,beta,beta,4
2811,beta,beta,4
2812,not applicable,not applicable,5
2813,not applicable,ductal,5
2814,not applicable,unclassified endocrine,5
2815,delta,delta,5
2816,alpha,alpha,5
2817,not applicable,not applicable,5
2818,alpha,alpha,5
2819,delta,delta,5
2820,ductal,ductal,5
2821,not applicable,not applicable,5
2822,alpha,alpha,5
2823,not applicable,unclassified endocrine,5
2824,not applicable,not applicable,5
2825,not applicable,MHC class II,5
2826,alpha,alpha,5
2827,beta,beta,5
2828,alpha,alpha,5
2829,alpha,alpha,5
2830,not applicable,not applicable,5
2831,not applicable,not applicable,5
2832,not applicable,gamma,5
2833,beta,beta,5
2834,not applicable,not applicable,5
2835,not applicable,not applicable,5
2836,acinar,acinar,5
2837,beta,beta,5
2838,not applicable,not applicable,5
2839,not applicable,not applicable,5
2840,alpha,alpha,5
2841,delta,delta,5
2842,not applicable,not applicable,5
2843,ductal,ductal,5
2844,beta,beta,5
2845,beta,beta,5
2846,not applicable,unclassified endocrine,5
2847,acinar,acinar,5
2848,alpha,alpha,5
2849,delta,delta,5
2850,gamma,gamma,5
2851,not applicable,not applicable,5
2852,not applicable,not applicable,5
2853,alpha,alpha,5
2854,acinar,acinar,5
2855,beta,beta,5
2856,gamma,gamma,5
2857,not applicable,not applicable,5
2858,beta,beta,5
2859,alpha,alpha,5
2860,not applicable,not applicable,5
2861,acinar,acinar,5
2862,not applicable,alpha,5
2863,alpha,alpha,5
2864,beta,beta,5
2865,alpha,alpha,5
2866,alpha,alpha,5
2867,alpha,alpha,5
2868,alpha,alpha,5
2869,delta,delta,5
2870,alpha,alpha,5
2871,not applicable,alpha,5
2872,ductal,ductal,5
2873,not applicable,not applicable,5
2874,not applicable,not applicable,5
2875,not applicable,not applicable,5
2876,beta,beta,5
2877,ductal,ductal,5
2878,acinar,acinar,5
2879,not applicable,not applicable,5
2880,acinar,acinar,5
2881,alpha,alpha,5
2882,alpha,alpha,5
2883,alpha,alpha,5
2884,alpha,alpha,5
2885,not applicable,not applicable,5
2886,alpha,alpha,5
2887,beta,beta,5
2888,beta,co-expression,5
2889,alpha,alpha,5
2890,delta,delta,5
2891,alpha,alpha,5
2892,alpha,alpha,5
2893,not applicable,not applicable,5
2894,not applicable,not applicable,5
2895,alpha,alpha,5
2896,alpha,alpha,5
2897,not applicable,not applicable,5
2898,beta,co-expression,5
2899,gamma,gamma,5
2900,alpha,alpha,5
2901,not applicable,not applicable,5
2902,not applicable,unclassified endocrine,5
2903,gamma,gamma,5
2904,alpha,alpha,5
2905,delta,delta,5
2906,beta,beta,5
2907,not applicable,not applicable,5
2908,not applicable,not applicable,5
2909,not applicable,not applicable,5
2910,not applicable,not applicable,5
2911,not applicable,not applicable,5
2912,gamma,gamma,5
2913,not applicable,not applicable,5
2914,delta,unclassified endocrine,5
2915,gamma,gamma,5
2916,gamma,gamma,5
2917,not applicable,not applicable,5
2918,alpha,alpha,5
2919,alpha,alpha,5
2920,alpha,alpha,5
2921,gamma,gamma,5
2922,not applicable,not applicable,5
2923,alpha,alpha,5
2924,not applicable,not applicable,5
2925,not applicable,not applicable,5
2926,not applicable,not applicable,5
2927,alpha,alpha,5
2928,gamma,gamma,5
2929,alpha,alpha,5
2930,alpha,alpha,5
2931,not applicable,not applicable,5
2932,acinar,acinar,5
2933,alpha,alpha,5
2934,not applicable,not applicable,5
2935,alpha,alpha,5
2936,gamma,gamma,5
2937,gamma,gamma,5
2938,not applicable,not applicable,5
2939,gamma,gamma,5
2940,not applicable,not applicable,5
2941,not applicable,not applicable,5
2942,not applicable,not applicable,5
2943,alpha,alpha,5
2944,not applicable,not applicable,5
2945,alpha,alpha,5
2946,not applicable,not applicable,5
2947,not applicable,not applicable,5
2948,alpha,alpha,5
2949,alpha,alpha,5
2950,gamma,gamma,5
2951,not applicable,not applicable,5
2952,not applicable,not applicable,5
2953,not applicable,alpha,5
2954,not applicable,not applicable,5
2955,alpha,alpha,5
2956,alpha,alpha,5
2957,alpha,alpha,5
2958,alpha,alpha,5
2959,alpha,alpha,5
2960,alpha,alpha,5
2961,alpha,alpha,5
2962,alpha,alpha,5
2963,not applicable,not applicable,5
2964,alpha,alpha,5
2965,gamma,gamma,5
2966,not applicable,not applicable,5
2967,not applicable,not applicable,5
2968,alpha,alpha,5
2969,alpha,alpha,5
2970,gamma,gamma,5
2971,alpha,alpha,5
2972,not applicable,not applicable,5
2973,beta,beta,5
2974,alpha,alpha,5
2975,PSC,PSC,5
2976,beta,beta,5
2977,beta,beta,5
2978,not applicable,not applicable,5
2979,alpha,alpha,5
2980,co-expression,co-expression,5
2981,alpha,alpha,5
2982,gamma,gamma,5
2983,alpha,alpha,5
2984,beta,beta,5
2985,alpha,alpha,5
2986,alpha,alpha,5
2987,alpha,alpha,5
2988,alpha,alpha,5
2989,beta,beta,5
2990,not applicable,not applicable,5
2991,beta,beta,5
2992,PSC,endothelial,5
2993,gamma,epsilon,5
2994,not applicable,not applicable,5
2995,alpha,alpha,5
2996,ductal,ductal,5
2997,alpha,alpha,5
2998,beta,beta,5
2999,not applicable,not applicable,5
3000,alpha,alpha,5
3001,alpha,alpha,5
3002,not applicable,not applicable,5
3003,PSC,PSC,5
3004,alpha,alpha,5
3005,alpha,alpha,5
3006,not applicable,alpha,5
3007,alpha,alpha,5
3008,not applicable,not applicable,5
3009,alpha,alpha,5
3010,delta,delta,5
3011,not applicable,not applicable,5
3012,not applicable,not applicable,5
3013,not applicable,not applicable,5
3014,not applicable,not applicable,5
3015,gamma,gamma,5
3016,not applicable,not applicable,5
3017,not applicable,unclassified endocrine,5
3018,alpha,alpha,5
3019,not applicable,not applicable,5
3020,not applicable,not applicable,5
3021,not applicable,unclassified endocrine,5
3022,not applicable,not applicable,5
3023,not applicable,not applicable,5
3024,beta,beta,5
3025,not applicable,not applicable,5
3026,alpha,alpha,5
3027,not applicable,not applicable,5
3028,gamma,gamma,5
3029,alpha,alpha,5
3030,beta,beta,5
3031,ductal,ductal,5
3032,not applicable,not applicable,5
3033,PSC,endothelial,5
3034,not applicable,not applicable,5
3035,PSC,endothelial,5
3036,not applicable,not applicable,5
3037,not applicable,not applicable,5
3038,ductal,ductal,5
3039,beta,beta,5
3040,acinar,acinar,5
3041,ductal,not applicable,5
3042,not applicable,not applicable,5
3043,not applicable,not applicable,5
3044,ductal,ductal,5
3045,gamma,gamma,5
3046,gamma,gamma,5
3047,not applicable,not applicable,5
3048,not applicable,not applicable,5
3049,ductal,not applicable,5
3050,not applicable,not applicable,5
3051,not applicable,not applicable,5
3052,acinar,acinar,5
3053,ductal,ductal,5
3054,not applicable,not applicable,5
3055,alpha,alpha,5
3056,gamma,gamma,5
3057,alpha,alpha,5
3058,ductal,ductal,5
3059,not applicable,not applicable,5
3060,not applicable,not applicable,5
3061,ductal,ductal,5
3062,not applicable,not applicable,5
3063,acinar,acinar,5
3064,beta,beta,5
3065,beta,beta,5
3066,not applicable,not applicable,5
3067,beta,beta,5
3068,alpha,alpha,5
3069,acinar,acinar,5
3070,beta,beta,5
3071,not applicable,not applicable,5
3072,gamma,not applicable,5
3073,gamma,not applicable,5
3074,ductal,ductal,5
3075,not applicable,not applicable,5
3076,alpha,alpha,5
3077,not applicable,not applicable,5
3078,ductal,ductal,5
3079,beta,beta,5
3080,not applicable,not applicable,5
3081,not applicable,not applicable,5
3082,beta,beta,5
3083,not applicable,not applicable,5
3084,acinar,acinar,5
3085,not applicable,epsilon,5
3086,acinar,acinar,5
3087,acinar,acinar,5
3088,ductal,ductal,5
3089,gamma,gamma,5
3090,not applicable,not applicable,5
3091,not applicable,not applicable,5
3092,ductal,ductal,5
3093,not applicable,not applicable,5
3094,acinar,acinar,5
3095,ductal,ductal,5
3096,beta,beta,5
3097,not applicable,not applicable,5
3098,acinar,acinar,5
3099,not applicable,not applicable,5
3100,ductal,ductal,5
3101,alpha,alpha,5
3102,ductal,ductal,5
3103,acinar,acinar,5
3104,acinar,acinar,5
3105,not applicable,not applicable,5
3106,acinar,acinar,5
3107,ductal,ductal,5
3108,not applicable,not applicable,5
3109,beta,beta,5
3110,not applicable,not applicable,5
3111,alpha,alpha,5
3112,not applicable,not applicable,5
3113,not applicable,not applicable,5
3114,not applicable,not applicable,5
3115,not applicable,not applicable,5
3116,delta,delta,5
3117,alpha,alpha,5
3118,alpha,alpha,5
3119,not applicable,not applicable,5
3120,not applicable,not applicable,5
3121,not applicable,not applicable,5
3122,alpha,alpha,5
3123,beta,beta,5
3124,alpha,alpha,5
3125,alpha,alpha,5
3126,not applicable,not applicable,5
3127,not applicable,not applicable,5
3128,not applicable,not applicable,5
3129,alpha,alpha,5
3130,delta,not applicable,5
3131,not applicable,not applicable,5
3132,alpha,alpha,5
3133,not applicable,not applicable,5
3134,alpha,alpha,5
3135,ductal,ductal,5
3136,beta,beta,5
3137,beta,beta,5
3138,alpha,alpha,5
3139,not applicable,alpha,5
3140,alpha,alpha,5
3141,not applicable,not applicable,5
3142,alpha,not applicable,5
3143,not applicable,not applicable,5
3144,alpha,alpha,5
3145,alpha,not applicable,5
3146,not applicable,not applicable,5
3147,alpha,alpha,5
3148,not applicable,not applicable,5
3149,not applicable,not applicable,5
3150,alpha,not applicable,5
3151,not applicable,not applicable,5
3152,not applicable,not applicable,5
3153,alpha,alpha,5
3154,alpha,not applicable,5
3155,ductal,ductal,5
3156,alpha,alpha,5
3157,alpha,alpha,5
3158,acinar,acinar,5
3159,not applicable,not applicable,5
3160,not applicable,not applicable,5
3161,not applicable,PSC,5
3162,beta,beta,5
3163,alpha,not applicable,5
3164,not applicable,not applicable,5
3165,not applicable,alpha,5
3166,PSC,PSC,5
3167,not applicable,not applicable,5
3168,alpha,alpha,5
3169,beta,beta,5
3170,delta,delta,5
3171,delta,delta,5
3172,not applicable,not applicable,5
3173,not applicable,not applicable,5
3174,not applicable,not applicable,5
3175,not applicable,gamma,5
3176,not applicable,not applicable,5
3177,not applicable,not applicable,5
3178,beta,beta,5
3179,not applicable,not applicable,5
3180,alpha,not applicable,5
3181,alpha,alpha,5
3182,not applicable,beta,5
3183,alpha,alpha,5
3184,not applicable,not applicable,5
3185,alpha,alpha,5
3186,alpha,co-expression,5
3187,PSC,not applicable,5
3188,not applicable,alpha,5
3189,not applicable,not applicable,5
3190,acinar,acinar,5
3191,alpha,alpha,5
3192,not applicable,not applicable,5
3193,acinar,acinar,5
3194,beta,beta,5
3195,alpha,alpha,5
3196,alpha,alpha,5
3197,alpha,alpha,5
3198,not applicable,not applicable,5
3199,ductal,ductal,5
3200,ductal,ductal,5
3201,not applicable,not applicable,5
3202,alpha,alpha,5
3203,alpha,alpha,5
3204,not applicable,not applicable,5
3205,alpha,alpha,5
3206,alpha,alpha,5
3207,not applicable,not applicable,5
3208,alpha,alpha,5
3209,alpha,alpha,5
3210,ductal,ductal,5
3211,alpha,alpha,5
3212,PSC,PSC,5
3213,alpha,not applicable,5
3214,not applicable,not applicable,5
3215,alpha,alpha,5
3216,gamma,gamma,5
3217,ductal,ductal,5
3218,not applicable,not applicable,5
3219,alpha,alpha,5
3220,beta,beta,5
3221,ductal,ductal,5
3222,acinar,acinar,5
3223,ductal,ductal,5
3224,alpha,alpha,5
3225,beta,beta,5
3226,alpha,alpha,5
3227,not applicable,not applicable,5
3228,delta,delta,5
3229,not applicable,mast,5
3230,ductal,ductal,5
3231,not applicable,ductal,5
3232,alpha,alpha,5
3233,not applicable,not applicable,5
3234,acinar,acinar,5
3235,acinar,not applicable,5
3236,not applicable,not applicable,5
3237,alpha,alpha,5
3238,acinar,acinar,5
3239,beta,beta,5
3240,not applicable,not applicable,5
3241,gamma,gamma,5
3242,alpha,alpha,5
3243,beta,co-expression,5
3244,alpha,alpha,5
3245,alpha,alpha,5
3246,not applicable,not applicable,5
3247,alpha,alpha,5
3248,PSC,PSC,5
3249,ductal,ductal,5
3250,not applicable,not applicable,5
3251,PSC,PSC,5
3252,ductal,ductal,5
3253,ductal,ductal,5
3254,ductal,ductal,5
3255,PSC,PSC,5
3256,ductal,ductal,5
3257,acinar,acinar,5
3258,alpha,alpha,5
3259,ductal,ductal,5
3260,acinar,acinar,5
3261,ductal,ductal,5
3262,ductal,ductal,5
3263,not applicable,not applicable,5
3264,ductal,ductal,5
3265,ductal,ductal,5
3266,not applicable,alpha,5
3267,ductal,ductal,5
3268,not applicable,not applicable,5
3269,not applicable,not applicable,5
3270,acinar,acinar,5
3271,beta,co-expression,5
3272,not applicable,not applicable,5
3273,ductal,acinar,5
3274,not applicable,not applicable,5
3275,alpha,co-expression,5
3276,alpha,alpha,5
3277,not applicable,not applicable,5
3278,not applicable,not applicable,5
3279,not applicable,not applicable,5
3280,not applicable,not applicable,5
3281,not applicable,not applicable,5
3282,not applicable,not applicable,5
3283,alpha,alpha,5
3284,not applicable,not applicable,5
3285,not applicable,not applicable,5
3286,not applicable,not applicable,5
3287,not applicable,not applicable,5
3288,not applicable,not applicable,5
3289,ductal,ductal,5
3290,not applicable,not applicable,5
3291,not applicable,not applicable,5
3292,not applicable,not applicable,5
3293,ductal,ductal,5
3294,not applicable,not applicable,5
3295,not applicable,not applicable,5
3296,not applicable,not applicable,5
3297,not applicable,not applicable,5
3298,not applicable,not applicable,5
3299,not applicable,not applicable,5
3300,not applicable,acinar,5
3301,gamma,gamma,5
3302,not applicable,not applicable,5
3303,not applicable,alpha,5
3304,not applicable,not applicable,5
3305,not applicable,not applicable,5
3306,not applicable,not applicable,5
3307,delta,delta,5
3308,not applicable,not applicable,5
3309,not applicable,not applicable,5
3310,not applicable,not applicable,5
3311,not applicable,not applicable,5
3312,not applicable,not applicable,5
3313,beta,beta,5
3314,not applicable,not applicable,5
3315,ductal,ductal,5
3316,alpha,not applicable,5
3317,not applicable,not applicable,5
3318,alpha,alpha,5
3319,not applicable,not applicable,5
3320,not applicable,not applicable,5
3321,not applicable,not applicable,5
3322,not applicable,not applicable,5
3323,not applicable,not applicable,5
3324,ductal,ductal,5
3325,not applicable,not applicable,5
3326,delta,delta,5
3327,not applicable,not applicable,5
3328,not applicable,not applicable,5
3329,not applicable,not applicable,5
3330,not applicable,not applicable,5
3331,not applicable,not applicable,5
3332,not applicable,not applicable,5
3333,not applicable,not applicable,5
3334,not applicable,not applicable,5
3335,not applicable,not applicable,5
3336,not applicable,not applicable,5
3337,not applicable,not applicable,5
3338,not applicable,not applicable,5
3339,not applicable,not applicable,5
3340,alpha,alpha,5
3341,not applicable,not applicable,5
3342,alpha,alpha,5
3343,not applicable,not applicable,5
3344,ductal,not applicable,5
3345,not applicable,not applicable,5
3346,alpha,alpha,5
3347,ductal,not applicable,5
3348,not applicable,not applicable,5
3349,not applicable,not applicable,5
3350,beta,not applicable,5
3351,not applicable,not applicable,5
3352,not applicable,not applicable,5
3353,alpha,alpha,5
3354,not applicable,not applicable,5
3355,ductal,ductal,5
3356,not applicable,not applicable,5
3357,delta,delta,5
3358,alpha,alpha,5
3359,not applicable,not applicable,5
3360,not applicable,not applicable,5
3361,PSC,PSC,5
3362,alpha,alpha,5
3363,alpha,alpha,5
3364,ductal,ductal,5
3365,ductal,ductal,5
3366,ductal,ductal,5
3367,alpha,alpha,5
3368,not applicable,not applicable,5
3369,ductal,ductal,5
3370,not applicable,not applicable,5
3371,not applicable,not applicable,5
3372,not applicable,not applicable,5
3373,ductal,ductal,5
3374,not applicable,not applicable,5
3375,PSC,PSC,5
3376,alpha,alpha,5
3377,ductal,ductal,5
3378,alpha,alpha,5
3379,alpha,alpha,5
3380,PSC,PSC,5
3381,not applicable,not applicable,5
3382,not applicable,not applicable,5
3383,alpha,alpha,5
3384,alpha,alpha,5
3385,not applicable,not applicable,5
3386,not applicable,not applicable,5
3387,alpha,alpha,5
3388,not applicable,not applicable,5
3389,ductal,beta,5
3390,ductal,ductal,5
3391,alpha,alpha,5
3392,acinar,acinar,5
3393,ductal,ductal,5
3394,alpha,alpha,5
3395,ductal,ductal,5
3396,ductal,ductal,5
3397,not applicable,not applicable,5
3398,alpha,alpha,5
3399,alpha,alpha,5
3400,gamma,gamma,5
3401,alpha,alpha,5
3402,ductal,ductal,5
3403,ductal,ductal,5
3404,not applicable,not applicable,5
3405,not applicable,not applicable,5
3406,ductal,ductal,5
3407,alpha,alpha,5
3408,not applicable,not applicable,5
3409,not applicable,unclassified endocrine,5
3410,beta,beta,5
3411,ductal,ductal,5
3412,ductal,acinar,5
3413,ductal,ductal,5
3414,ductal,ductal,5
3415,alpha,alpha,5
3416,gamma,gamma,5
3417,ductal,ductal,5
3418,alpha,alpha,5
3419,not applicable,not applicable,5
3420,not applicable,not applicable,5
3421,not applicable,not applicable,5
3422,acinar,acinar,5
3423,alpha,alpha,5
3424,ductal,ductal,5
3425,not applicable,not applicable,5
3426,not applicable,not applicable,5
3427,ductal,ductal,5
3428,alpha,alpha,5
3429,ductal,ductal,5
3430,alpha,alpha,5
3431,alpha,alpha,5
3432,alpha,alpha,5
3433,beta,co-expression,5
3434,delta,delta,5
3435,ductal,ductal,5
3436,beta,beta,5
3437,alpha,alpha,5
3438,alpha,alpha,5
3439,gamma,gamma,5
3440,alpha,alpha,5
3441,not applicable,not applicable,5
3442,beta,beta,5
3443,delta,delta,5
3444,beta,beta,5
3445,gamma,gamma,5
3446,ductal,ductal,5
3447,ductal,ductal,5
3448,beta,beta,5
3449,gamma,gamma,5
3450,alpha,alpha,5
3451,alpha,alpha,5
3452,not applicable,not applicable,5
3453,gamma,gamma,5
3454,ductal,ductal,5
3455,delta,delta,5
3456,ductal,ductal,5
3457,not applicable,not applicable,5
3458,alpha,alpha,5
3459,gamma,gamma,5
3460,alpha,alpha,5
3461,alpha,alpha,5
3462,alpha,alpha,5
3463,ductal,ductal,5
3464,beta,not applicable,5
3465,alpha,alpha,5
3466,gamma,gamma,5
3467,alpha,alpha,5
3468,gamma,gamma,5
3469,delta,delta,5
3470,delta,delta,5
3471,acinar,acinar,5
3472,beta,beta,5
3473,not applicable,not applicable,5
3474,delta,delta,5
3475,not applicable,not applicable,5
3476,gamma,gamma,5
3477,delta,delta,5
3478,not applicable,not applicable,5
3479,ductal,ductal,5
3480,beta,beta,5
3481,alpha,alpha,5
3482,acinar,acinar,5
3483,alpha,alpha,5
3484,ductal,ductal,5
3485,not applicable,not applicable,5
3486,gamma,gamma,5
3487,alpha,alpha,5
3488,alpha,alpha,5
3489,alpha,alpha,5
3490,beta,beta,5
3491,not applicable,not applicable,5
3492,ductal,ductal,5
3493,alpha,alpha,5
3494,not applicable,not applicable,5
3495,alpha,alpha,5
3496,beta,beta,5
3497,alpha,alpha,5
3498,gamma,gamma,5
3499,ductal,ductal,5
3500,beta,beta,5
3501,not applicable,not applicable,5
3502,acinar,acinar,5
3503,beta,beta,5
3504,not applicable,not applicable,5
3505,acinar,acinar,5
3506,alpha,alpha,5
3507,ductal,ductal,5
3508,not applicable,not applicable,5
3509,beta,beta,5
3510,not applicable,not applicable,5
3511,not applicable,not applicable,5
3512,not applicable,not applicable,5
3513,not applicable,not applicable,5
